id,open_date,type,P1,P2,P3,P4,P5,P6,P7,P8,revenue
39624,11/26/2009,IL,3,4,6,5,0,5,5,5,12848757
37822,12/16/2009,FC,5,4,5,5,4,1,5,5,14206481
83055,04/04/2008,IL,3,4,2,5,4,25,8,4,6551483
97835,05/07/2010,FC,4,3,1,4,0,4,5,4.5,13111324
63792,05/05/2007,FC,1,7.5,12,10,0,5,5,5,13215088
85184,07/31/2013,IL,4,4,2,5,3,5,10,4,11838978
95677,07/12/2013,FC,5,6,4,5,4,1,4,4.5,14100315
72430,02/26/1998,IL,3,4,4,4,0,5,5,3,12306430
40851,05/18/2011,FC,1,4,4,4,3,4,5,3,12871054
65346,10/15/2011,IL,4,4,3,5,0,5,4,5,13293778
40717,11/08/2013,IL,1,7.5,1,5,3,1,4,7.5,11838590
88865,04/09/2011,FC,5,4,2,5,4,1,5,5,13701357
2929,05/18/1998,IL,5,6,3,5,0,3,4,5,13505611
15523,07/16/2012,FC,5,4,12,10,18,1,10,6,14007423
84953,10/25/2013,FC,10,5,3,5,18,1,4,3,13193489
64748,10/12/2013,FC,5,4,4,10,4,2,4,3,14136563
60323,06/20/2011,FC,3,6,2,5,0,1,4,1.5,13106446
46512,09/08/2010,FC,5,6,5,4,2,2,4,7.5,12073868
17956,03/24/2008,FC,3,4,6,5,18,20,5,4,6371073
16958,12/17/2010,FC,5,4,4,8,4,1,10,2,13896577
29242,11/04/2011,IL,10,4,15,5,0,1,5,4,18509384
16307,11/01/2006,FC,5,4,12,5,3,15,5,3,11498117
8907,11/05/2011,FC,25,5,4,5,5,25,5,5,14815025
68483,12/12/2011,FC,3,4,3,8,0,1,10,5,13632493
10994,06/06/2013,FC,2,6,4,5,18,1,10,7.5,10640013
4049,08/19/2006,IL,4,6,2,5,4,15,5,2,9600389
6531,09/17/2009,FC,1,3,6,5,0,1,8,5,13887878
56779,04/09/2011,FC,2,5,3,5,0,1,5,4,13164082
4537,08/25/2006,FC,3,6,12,5,0,1,4,4,14838245
89708,11/05/2009,IL,15,4,5,5,0,2,5,4,17681165
88398,01/31/2012,IL,10,4,5,5,0,2,5,2,15987860
87189,10/15/2012,FC,5,4,12,5,0,4,5,5,14448154
41819,11/29/2007,FC,5,4,2,5,0,2,4,1,14394521
40860,12/28/2011,FC,3,4,3,10,0,1,4,5,15668361
14850,08/03/2012,FC,5,4,2,5,12,1,5,2,11706643
84665,08/08/2013,IL,3,5,3,5,3,5,5,3,11137967
54087,09/15/2007,FC,1,5,4,10,4,1,5,4,12564965
48429,08/20/2004,IL,3,7.5,2,5,0,3,4,6,12166512
25287,10/05/2010,IL,2,4,1,5,0,5,4,4,11993286
94324,09/13/1999,DT,5,4,5,5,0,1,4,4,15997787
39227,04/08/2010,FC,1,4,4,5,0,15,4,5,9210495
71293,11/12/2010,IL,3,4,12,5,4,5,4,5,12913428
98062,12/21/2012,FC,5,4,4,5,3,2,5,7.5,15165511
89843,06/30/2001,FC,3,3,4,5,0,1,4,6,15126440
8943,11/01/2006,FC,3,4,3,5,0,1,5,3,13936252
24529,04/01/2000,FC,2,4,2,5,0,1,4,5,13172410
38713,03/17/2007,DT,1,4,2,5,24,1,4,5,7403495
25747,10/23/2004,FC,3,4,4,5,5,5,5,5,11970425
41849,12/02/2008,FC,2,5,3,5,3,5,4,5,12175770
54079,07/09/2013,FC,5,4,6,5,0,1,8,5,15471817
37547,07/09/2013,FC,4,4,2,5,0,1,5,5,14381681
49205,08/01/2008,FC,4,2,3,5,0,1,4,4,14257478
23290,11/01/2006,IL,15,4,12,5,4,1,5,5,18879483
16143,03/14/2012,IL,3,3,1,4,0,3,5,5,12170583
54306,08/08/2013,FC,25,4,3,10,3,10,4,5,18318377
29908,03/14/2012,FC,5,4,4,4,0,1,5,5,14959540
52643,03/09/1998,IL,5,4,4,10,3,1,5,7.5,14013199
36867,05/01/2009,FC,20,7.5,2,10,0,1,10,7.5,18219953
88631,12/02/2008,IL,1,4,4,5,0,1,5,5,12650565
61327,11/29/2007,FC,2,4,6,5,0,1,5,6,14853178
41902,11/29/2007,FC,2,5,15,5,0,1,5,2,14374041
62465,04/18/2008,FC,4,4,4,5,0,1,5,5,14080539
85264,10/12/2013,IL,4,4,3,5,0,4,5,5,13167284
75894,03/31/2011,FC,5,3,3,8,0,1,5,4,14982954
59012,05/01/2013,FC,4,4,1,4,18,4,10,3,10283551
1902,05/01/2010,FC,3,6,4,5,0,3,5,5,12481409
46462,04/19/2013,IL,3,4,15,5,0,5,4,6,13468789
15703,12/06/2013,FC,4,4,2,5,3,3,4,5,12926838
87808,12/08/2012,IL,3,4,2,4,4,1,4,4.5,12956588
51915,09/23/2008,FC,3,6,9,4,0,1,10,3,13987002
21031,09/20/2013,FC,1,4,3,4,0,3,5,2,12923327
37045,08/11/2010,FC,3,5,4,4,0,2,5,5,12993921
29281,09/26/2009,IL,5,6,3,5,0,2,4,7.5,13623167
77187,07/15/2013,IL,20,5,1,5,0,1,5,3,19145093
51989,10/29/2007,FC,5,4,2,4,0,1,5,4,13350360
36262,11/05/2008,IL,3,3,4,5,4,1,5,4,13064457
21988,01/07/2011,IL,5,4,2,5,0,5,5,4.5,13142690
36951,03/05/1996,FC,10,3,3,5,0,3,5,4.5,15656042
49773,02/26/2010,FC,4,6,3,10,0,5,8,5,13045489
97543,06/13/2006,FC,20,5,4,5,0,4,4,3,19140868
61524,06/01/2010,IL,5,6,3,10,0,5,5,5,13389030
42356,11/25/2008,IL,25,7.5,2,5,0,1,5,5,20632467
84558,02/01/2011,FC,20,5,4,5,0,1,5,4,19676852
29044,05/18/2011,FC,1,3,3,10,0,4,4,4,12613285
68078,03/19/2009,FC,5,7.5,5,5,0,2,10,1,13770601
37132,07/17/2009,IL,10,4,2,5,0,1,5,4,16208468
77697,10/17/1995,IL,25,6,3,5,0,1,4,5,21905831
963,03/09/1998,FC,5,3,2,5,0,10,4,2,11711051
83004,10/23/2004,FC,25,4,4,5,18,1,5,5,18827655
55267,09/15/2006,FC,4,4,4,5,0,10,5,1.5,11595566
63700,08/11/2007,IL,5,4,2,5,12,1,5,3,12582682
13926,05/01/1998,IL,1,3,12,5,3,10,5,4,10448582
25982,05/02/2013,IL,5,4,4,5,0,5,4,3,13296962
57536,12/24/2010,FC,2,4,2,5,0,1,5,7.5,13890697
61652,12/23/2012,IL,1,4,12,4,5,1,4,5,13680045
60297,01/23/2009,FC,1,4,1,5,4,5,4,5,12601825
51977,09/15/2007,FC,10,3,2,5,3,3,4,5,15108718
97447,09/09/2010,FC,3,4,6,8,0,2,4,7.5,13680036
1757,08/06/2009,FC,5,3,3,5,18,5,5,4,10879181
17666,10/04/2013,FC,3,4,4,5,3,5,4,2,12149657
15888,12/03/2013,FC,1,6,9,5,0,1,8,4,13733953
48731,07/17/2009,IL,5,4,1,5,0,1,4,4,15087237
3901,07/15/2013,FC,3,5,12,10,0,3,4,5,11737645
63956,01/18/2013,IL,25,4,3,4,2,1,5,7.5,20078695
25873,03/17/2007,FC,3,6,4,5,0,1,4,3,13461843
29619,07/05/1997,FC,3,7.5,1,5,0,5,5,4,12160792
40397,08/25/2006,FC,3,5,2,5,4,1,5,4.5,13253870
51080,01/31/2012,IL,5,7.5,4,5,0,1,5,2,14378071
74629,03/07/2011,FC,25,4,4,4,0,20,4,5,15875360
89816,06/29/1997,IL,2,5,5,8,0,3,5,3,12813752
7863,01/23/2009,FC,1,4,2,5,0,1,5,3,12874092
96532,12/06/2013,IL,3,4,4,5,4,4,5,5,12922457
73104,09/01/2001,IL,2,5,1,4,0,2,4,5,14018256
64390,02/19/2004,FC,3,4,4,5,0,4,5,4,13440487
23345,01/17/2012,IL,3,4,3,5,0,2,5,5,13767379
76340,05/15/2012,FC,1,6,1,5,3,1,8,5,11738062
30469,11/05/2008,IL,3,4,4,8,0,2,5,4,12799464
57932,06/14/2013,FC,2,4,6,4,0,5,5,7.5,13898310
39923,04/17/2009,FC,3,4,3,5,0,4,5,5,13907055
91333,07/15/2013,IL,1,6,1,10,0,2,5,3,11338287
43100,12/28/2011,FC,3,3,5,5,18,1,10,5,12096049
75870,02/09/2010,IL,25,6,6,5,0,1,5,5,21746546
2170,05/01/2009,FC,4,4,2,4,2,2,5,5,13320122
76156,10/12/2013,IL,3,4,2,5,0,3,5,2,12776238
98344,11/27/2011,FC,3,3,3,5,0,1,5,3,15023533
57723,07/14/2000,IL,2,5,2,5,5,4,5,5,11519352
28809,09/26/2006,FC,25,4,3,4,4,25,5,2,14042150
21608,04/06/1998,IL,5,7.5,3,4,0,3,5,5,13294623
11263,07/14/2007,FC,2,6,5,4,0,4,4,4,13333596
87999,06/18/2007,FC,2,6,4,4,0,10,8,3,10659680
64401,07/30/2010,IL,2,4,2,4,0,4,4,4,12847358
94277,03/07/2011,IL,2,4,1,4,0,2,5,3,12453073
34450,04/04/2008,IL,20,4,4,4,0,1,5,7.5,19757504
86383,12/07/2004,DT,5,3,2,4,4,25,4,7.5,7195860
57771,04/08/2010,FC,25,4,3,4,5,1,4,7.5,20606004
86615,04/28/2012,DT,4,4,4,4,0,15,4,2,8425350
95466,06/28/2012,FC,25,3,2,5,3,1,4,3,20737093
16154,12/07/2004,IL,2,3,4,5,0,1,4,5,13545523
6735,06/06/2003,FC,2,5,3,4,4,2,8,3,12089425
13715,06/06/2013,FC,4,3,2,5,0,1,4,5,14352421
58599,06/24/2011,IL,3,4,9,5,0,5,5,6,13470717
94049,07/23/2011,IL,3,3,3,5,0,1,8,6,14126259
93613,04/18/2006,FC,25,4,2,5,0,1,5,6,20695974
41888,04/17/2009,FC,1,7.5,4,5,4,25,5,3,4914610
21048,05/24/2007,IL,3,6,4,5,0,1,4,7.5,13600119
96723,07/30/2010,FC,3,5,5,5,4,1,4,5,13475951
26326,03/19/2009,FC,3,3,12,4,0,2,4,4,14229012
34500,09/06/1996,IL,1,5,12,5,0,2,5,4,13468691
29398,04/22/2008,IL,3,4,2,5,0,1,4,4,13518009
26789,03/26/2005,IL,5,4,3,4,0,2,4,3,14038695
1833,10/28/2012,FC,3,4,4,5,5,1,5,5,13150045
62573,02/11/1998,IL,4,3,4,10,0,1,4,5,14731031
19951,09/14/2009,FC,15,4,1,4,3,3,4,5,17469639
41223,08/25/2007,IL,3,3,3,4,4,2,5,4,15856431
13935,03/26/2005,FC,5,4,3,5,4,5,5,5,13040012
2006,07/31/2013,IL,10,3,2,5,0,1,4,5,16081486
26456,01/31/2012,IL,5,4.5,6,5,0,1,4,5,14557352
32972,08/02/2011,IL,5,4,4,5,0,5,4,3,13672354
38875,01/27/2005,IL,5,4,4,5,0,2,4,3,13451593
94659,01/03/2013,FC,5,6,4,5,3,5,4,5,13832439
16604,11/17/2009,FC,2,4,4,5,0,15,5,4,9545234
16801,01/15/2013,FC,5,5,4,8,0,20,4,5,9067195
95603,08/28/2009,MB,1,7.5,2,5,5,5,4,5,12329872
77421,05/18/2011,IL,3,4,4,4,0,1,5,3,13552685
7568,03/19/2009,FC,3,4,4,5,4,3,5,5,12638471
43484,09/09/2013,FC,5,4,1,4,0,1,10,2,16408333
24643,06/05/1999,FC,1,7.5,3,10,0,1,4,5,12460412
49068,08/22/2004,FC,1,4,5,4,0,10,10,5,11113478
8750,05/06/2013,IL,3,4,4,5,0,5,5,2,12627254
44468,11/26/2010,FC,25,6,2,4,4,3,5,5,20142955
65882,07/04/2009,IL,25,5,4,5,0,2,5,4,20907432
83771,09/01/2001,FC,5,4,3,4,0,1,5,5,14339856
25755,07/10/2004,IL,5,4,5,4,6,2,5,4,11299486
48113,11/29/2007,FC,2,4,3,4,0,1,4,5,12595115
7874,01/22/2011,FC,1,4,1,5,0,4,5,4,12391828
45548,06/01/2009,FC,3,4,2,10,0,1,5,5,13229176
43607,04/28/2012,IL,5,4,3,5,0,4,5,4,13508757
88498,07/31/2013,IL,10,4,2,4,0,1,10,1.5,16451060
901,09/26/2009,IL,1,5,3,8,0,25,4,5,8262822
27235,12/16/2009,IL,3,4,2,5,3,25,4,5,6515386
77401,06/24/2012,FC,2,6,12,5,3,1,5,7.5,13178773
89840,06/07/2013,FC,3,6,2,10,4,15,10,3,8820630
91279,08/13/2011,FC,2,4,3,4,3,2,4,2,13595233
11959,09/26/2006,IL,1,4,5,5,0,5,5,3,12575916
27779,11/27/2011,IL,4,5,12,5,0,2,5,4,14510990
75326,05/24/2007,IL,5,4,12,5,0,5,4,5,13802315
28440,05/01/2013,FC,2,6,2,4,3,3,10,1.5,11530890
40,09/19/2009,IL,5,4,4,5,3,5,5,5,12905330
39461,05/01/1998,FC,2,4,4,4,0,1,4,5,13575512
78313,12/20/2003,FC,5,4,3,5,12,4,4,4,13439870
40012,04/09/2000,FC,5,4,12,5,5,1,4,5,14199758
61475,08/14/2009,FC,5,4,3,5,0,1,4,5,14454401
14402,02/26/2011,IL,3,5,3,8,2,5,5,2,11954456
75673,08/13/2011,FC,5,6,4,5,24,1,4,5,9988295
52765,05/30/2006,FC,5,3,2,5,0,1,5,5,14354812
12767,09/26/2009,FC,3,4,9,4,3,10,4,5,11371685
15840,09/15/2006,IL,5,6,3,4,0,2,4,5,13797897
57942,10/11/2010,IL,25,3,1,10,0,4,4,4,21551192
59693,07/28/2000,IL,5,4,2,5,0,2,5,4,14892984
96270,04/19/2013,FC,3,5,4,4,0,3,4,6,13151345
53212,06/01/2010,FC,15,4,2,4,5,3,5,4,16831942
62376,04/06/1998,FC,5,4,4,5,3,1,4,2,14979197
37391,01/31/2012,IL,25,4,2,4,0,1,4,2,21083086
57933,03/02/1998,FC,25,4,2,5,24,1,4,2,18468168
4387,10/06/2007,FC,1,4,3,10,0,5,4,4,11772725
66184,09/09/2005,IL,5,5,3,4,0,2,4,5,13908235
55319,04/28/2012,IL,3,4,3,5,0,1,10,5,14150629
69513,09/04/2009,IL,25,4,2,5,0,3,8,1,20900812
77263,01/22/2011,FC,3,6,4,4,0,1,5,3,14269609
31175,10/18/2012,FC,3,3,4,5,0,2,5,7.5,13631612
84559,04/22/2008,IL,2,3,2,5,3,5,5,5,11286252
84298,10/06/2010,IL,5,4,4,10,4,4,5,4,13037909
7775,04/06/1998,IL,25,6,3,5,3,1,4,6,20510030
75351,07/30/2010,FC,5,4,5,4,0,1,4,3,12504869
31936,01/31/2012,FC,15,4,4,5,0,1,5,4,18195706
72970,01/26/2012,IL,2,5,3,5,0,1,5,5,13339553
21820,04/17/2009,IL,2,4,3,5,4,3,8,7.5,12183978
61502,02/29/2012,FC,4,4,4,5,24,2,4,5,10922260
37446,01/04/2014,IL,25,4,12,10,0,3,5,3,22131234
46272,05/16/2008,FC,25,4,4,5,0,2,5,5,21382389
44375,10/06/2006,IL,3,4,4,5,0,1,5,3,12982784
41821,07/18/2011,FC,3,3,4,4,24,4,5,5,12849169
3014,12/04/1999,IL,3,4,4,5,0,1,4,7.5,13892994
11437,06/13/2009,IL,5,7.5,2,5,0,1,5,4,14290419
71008,12/28/2011,IL,5,5,4,5,0,2,5,5,14368714
33006,06/09/2007,FC,5,7.5,12,5,0,2,5,3,14849189
39478,03/05/1996,IL,25,4,12,5,0,1,5,5,22992847
19077,10/25/2013,FC,3,5,1,5,0,2,5,6,13030014
96743,06/30/2001,FC,10,5,4,5,0,1,5,5,16333309
82058,11/08/2013,IL,3,4,6,4,2,4,4,5,12832005
22231,12/30/2011,FC,3,3,4,5,0,1,8,4,14744890
15234,10/12/2013,FC,1,4,2,10,4,4,5,4,11474052
25614,06/07/2013,IL,4,4,6,5,4,1,5,4,13735040
87829,11/29/2007,FC,1,4,4,5,4,4,5,7.5,11691201
56588,09/28/2008,FC,1,4,12,5,0,1,8,5,15633499
34109,10/23/1999,IL,20,4,4,10,0,4,5,3,18780837
99853,07/04/2008,FC,2,4,6,4,5,2,4,5,12624418
12010,10/06/2007,IL,1,6,3,10,3,5,4,6,11517083
67254,07/18/2011,IL,5,4,2,4,0,2,8,2,13930853
89789,10/28/2012,IL,10,4,3,5,4,5,5,5,14403756
33336,03/05/1996,FC,2,4,2,5,0,2,5,7.5,12403826
46390,07/04/2011,FC,2,4,3,5,0,10,5,3,10825976
81350,10/17/2008,FC,4,4,4,4,0,1,4,7.5,14000871
86604,08/11/2010,FC,2,4,12,5,0,10,5,5,10907950
29504,05/01/2012,IL,10,5,3,5,0,20,8,7.5,10648792
71165,12/20/2003,DT,4,4,4,5,0,2,4,3,13836691
97109,10/26/2009,FC,5,7.5,2,5,0,1,8,5,13767161
87190,01/15/2013,FC,25,4,4,4,0,5,4,5,20526852
67068,09/15/2011,FC,3,4,12,5,4,1,5,5,14016060
26880,12/23/2011,FC,1,4,4,10,0,5,5,5,11956590
73818,04/21/2007,FC,20,4,15,5,3,25,4,3,12850989
63629,10/30/2013,FC,1,4,3,4,0,5,4,4,11413105
61974,01/20/2012,IL,3,4,12,8,0,1,4,5,14651133
13096,09/28/2008,FC,25,6,12,5,0,4,4,5,20163954
92366,10/30/2013,DT,4,7.5,1,5,3,1,4,5,15479026
90985,10/30/2013,FC,5,4,3,5,0,3,5,4,13895187
58072,07/12/2012,IL,20,4,1,5,2,15,5,5,15171439
4769,12/20/1997,FC,3,7.5,2,5,0,1,5,5,13557768
152,08/02/1995,IL,5,4,12,5,0,4,10,1,14017949
59360,10/06/2010,IL,4,6,2,5,3,5,4,2,12190474
64359,05/16/2008,FC,5,6,4,5,4,1,5,5,15158109
8629,06/18/2007,FC,25,4,3,5,0,3,5,5,20668975
52442,08/19/2006,FC,3,4,12,5,0,4,5,5,14160443
90059,12/18/2010,FC,2,4,6,4,4,1,10,4,12541831
91254,09/17/2009,FC,3,3,3,4,0,5,5,6,12160866
91880,03/27/2013,IL,4,4,3,10,0,2,4,5,14580803
76535,10/04/2013,FC,1,4,5,5,0,1,5,7.5,13180526
95390,03/19/2009,IL,4,3,6,5,0,4,5,5,13604539
37255,09/01/2001,FC,5,4,4,4,1,1,4,6,14277473
93989,03/16/2007,FC,5,4,9,10,4,3,5,3,14347691
53656,11/21/1999,FC,4,4,4,5,0,2,5,3,13078308
66968,08/14/2009,FC,25,3,12,5,0,4,5,4,21885868
98826,04/19/2013,FC,2,5,4,5,0,4,4,5,11756354
51457,11/22/2007,FC,4,5,6,5,4,1,4,5,13621769
47511,04/09/2000,IL,4,4,3,5,4,3,4,4,13283137
96567,06/01/2010,IL,5,4,2,10,4,1,5,4,13341846
84586,10/04/2013,FC,1,4,6,5,0,1,4,6,13028076
10429,08/27/1999,IL,4,5,2,5,0,5,5,4.5,13183969
20001,10/04/2000,FC,4,4,12,5,0,1,4,5,14900890
27339,01/07/2011,FC,4,4,4,8,0,5,5,5,13373054
7327,10/14/2013,FC,5,6,3,5,0,2,5,5,13771265
42457,02/07/2007,FC,15,7.5,4,5,0,1,4,5,15217640
96990,03/05/1996,FC,25,3,12,4,0,1,4,5,22113354
39435,10/15/2012,IL,2,4,2,5,30,4,5,2,9072027
44628,07/10/2013,FC,10,4,2,4,0,4,4,6,15150184
59865,09/28/2010,FC,1,6,2,5,24,2,4,2,9006136
98215,11/25/2009,FC,5,7.5,3,5,5,1,4,3,13173193
56668,05/05/2007,FC,1,5,2,5,0,1,5,5,13207462
7468,10/10/2013,FC,5,3,3,4,0,10,4,3,12174504
99713,12/07/2008,FC,2,4,3,4,0,1,4,3,13205439
73352,01/16/1999,IL,4,5,4,5,0,1,5,7.5,14362377
12804,10/04/2013,FC,1,3,4,5,3,1,5,3,12338570
75820,02/26/2011,FC,2,5,2,5,0,15,4,7.5,11494578
18093,04/12/2012,IL,4,4,5,5,24,1,4,5,12084854
42229,12/28/2010,IL,5,4,4,5,0,1,5,4,14842364
19326,03/09/1998,IL,3,3,2,5,0,5,8,4,12557346
46146,07/10/2004,FC,2,4,4,4,0,1,4,5,14280494
15815,11/25/2011,FC,5,4,6,5,18,5,4,5,12612383
74333,07/10/2013,FC,4,5,2,5,0,2,4,1,13480494
24625,08/15/2005,IL,5,6,4,5,3,5,5,5,12639895
57367,01/03/2013,FC,4,3,4,5,0,4,10,5,13403673
16563,01/31/2012,IL,15,4,4,5,3,1,5,5,17120137
20557,03/02/1998,FC,3,5,4,4,5,1,4,3,12924341
40155,08/03/2012,FC,3,4,12,5,0,1,4,5,14581036
54065,12/18/1998,IL,5,4,3,5,0,3,5,3,13323671
33626,06/09/2007,FC,5,5,5,10,3,1,4,4,13976539
23129,03/16/2007,FC,5,3,4,10,0,1,4,3,14689800
66042,08/01/2008,FC,1,4,3,5,4,3,8,3,11663589
7668,07/12/2013,IL,5,5,2,10,0,25,5,3,7493515
77446,12/17/2010,FC,3,5,2,5,0,2,4,3,13990556
48631,12/12/2011,FC,5,4,6,5,4,1,10,5,14445125
96714,06/16/2012,FC,15,4,3,5,0,4,4,7.5,16255871
81420,01/04/2014,IL,5,4,3,4,0,1,4,4,14337311
74677,06/05/2012,FC,3,6,4,8,0,1,4,5,14006729
79024,09/10/1998,IL,5,4,12,4,0,5,4,7.5,15036794
16214,12/08/2012,FC,25,4,4,5,0,1,5,5,21823100
57126,02/21/2013,IL,3,4,3,4,0,4,5,3,13729577
19692,09/15/2006,FC,20,6,4,5,0,1,4,2,19306119
76679,11/22/2007,IL,3,4,4,5,4,1,5,7.5,14443415
62188,12/30/2011,FC,2,6,3,4,3,2,5,3,12167677
97881,04/01/2000,IL,3,4,4,5,0,2,5,5,13889292
74358,12/20/2003,IL,5,7.5,4,5,0,5,4,5,13181727
35167,08/05/2011,FC,2,4,4,5,0,2,5,3,13370299
5058,03/26/2005,FC,4,3,2,5,0,1,8,4,14018870
36168,06/14/2013,FC,25,4,2,10,4,1,4,4,21263324
77941,03/06/2013,FC,2,6,2,5,0,2,5,2,12621437
68474,01/07/2011,IL,2,4,3,10,4,1,4,5,12748929
22771,10/18/2012,IL,25,3,4,5,0,15,4,3,17933425
24879,06/14/2013,IL,10,4,2,5,0,2,8,3,16115695
74401,05/02/2013,FC,5,5,4,5,0,4,5,4,14178237
18985,07/16/2012,FC,5,4,2,5,0,5,5,3,13106625
71906,09/06/1997,IL,4,4,3,5,0,1,4,5,13982728
50279,12/28/2010,IL,25,4,4,5,0,2,4,4,22769997
27368,05/30/2006,FC,3,4,2,4,24,1,4,5,10911799
91908,11/01/2006,FC,3,4,2,5,3,1,4,2,13661423
3488,01/15/2013,FC,5,4,2,5,0,5,8,4,13463424
94144,11/27/2011,IL,15,4,2,5,0,2,5,5,17982427
28653,10/10/2011,FC,3,4,2,5,5,2,8,5,13111948
53914,05/01/2013,FC,5,4,1,4,12,5,10,6,11519733
99461,11/13/2013,FC,5,4,2,4,0,2,5,5,14449662
16210,12/17/2006,IL,10,3,2,5,0,1,4,5,15622552
8606,12/23/2011,FC,5,4,6,5,0,3,5,4,14310904
30628,10/14/2013,FC,5,7.5,4,5,2,2,4,4,14306263
44703,06/06/2007,FC,3,6,4,5,4,1,4,6,12766361
23251,09/26/2003,FC,1,4,3,5,0,5,5,5,11509677
1239,08/25/2007,FC,4,4,4,10,0,4,5,5,13147314
38615,03/07/2011,IL,2,7.5,9,5,4,1,5,7.5,12895229
24011,03/07/2011,IL,3,4,2,5,4,2,4,3,12743305
14413,03/30/2002,FC,3,4,2,5,0,3,5,5,13003908
90325,07/28/2000,DT,1,4,2,5,3,2,4,5,12178438
75162,06/28/2012,FC,3,4,3,10,2,2,5,3,13002452
31620,07/23/2011,FC,2,5,5,5,0,1,4,2,14273047
62565,04/18/2006,IL,1,4,3,8,0,3,4,2,12743276
51698,03/18/2011,IL,3,4,4,4,5,5,4,4,12388932
10344,02/19/2010,FC,1,3,4,5,3,1,5,5,13143925
63625,03/05/2012,FC,5,3,15,4,0,1,5,2,15856120
49678,05/30/2006,FC,1,4,4,5,0,1,5,5,13064472
10741,12/30/2011,IL,4,4,4,5,0,1,10,5,14425704
79917,12/04/2012,IL,20,5,4,5,0,1,4,5,19981252
24726,04/04/2012,FC,2,4,4,5,3,25,4,5,6224522
93593,06/13/2006,FC,5,4,1,5,0,2,4,3,14030424
42003,06/30/2001,FC,2,4,5,4,0,1,5,5,14361533
15334,06/18/2007,IL,15,6,5,5,4,1,5,7.5,17495634
94182,10/06/2007,IL,3,4,4,8,5,3,5,5,12062935
97023,08/28/2009,FC,5,3,4,5,18,1,5,2,12141385
69784,08/01/2008,FC,3,3,2,4,3,10,5,5,11789273
32726,12/03/2013,FC,3,3,5,4,4,1,8,4.5,13456703
63495,10/28/2012,FC,3,4,2,5,0,3,4,6,12469615
4153,04/18/2008,IL,25,6,3,5,0,1,4,5,20397929
52947,01/01/2000,IL,25,6,4,5,3,4,4,2,19791785
48670,07/22/2010,FC,5,4,4,5,3,1,5,5,16419004
29946,08/11/2007,IL,5,4,12,5,0,2,10,4,15927623
89086,09/21/2012,IL,5,4,2,8,0,2,4,2,13820226
41322,12/23/2011,FC,5,4,4,5,24,3,4,6,10242858
42153,09/09/2005,IL,25,3,4,10,0,4,4,3,21300527
99572,11/19/2009,IL,3,6,4,5,0,1,4,5,13473906
12727,05/02/2013,FC,2,4,1,5,0,1,4,5,13088903
90792,02/09/2000,FC,5,4,2,8,0,4,8,7.5,13627714
55484,08/07/2013,FC,2,4,4,10,3,1,5,3,12997861
56738,04/14/2009,FC,4,5,5,5,0,5,5,2,12550628
60284,04/18/2008,FC,1,6,4,5,0,3,5,5,11714218
29645,11/17/2009,FC,5,4,12,10,0,4,10,6,14989306
5462,12/06/2013,IL,5,6,5,5,0,1,4,5,14229649
52730,05/01/2012,FC,3,4,2,10,4,4,4,5,12596234
20743,12/21/2012,IL,5,6,4,5,0,3,5,5,14443230
86472,12/03/2012,IL,5,6,6,5,2,1,8,6,14492194
90644,05/05/2007,FC,5,4,2,8,3,1,5,6,14499614
58790,10/26/2009,FC,5,4,9,5,0,1,4,1,13128486
25318,11/02/2000,FC,20,4,4,10,0,5,4,3,18504322
3388,07/31/2013,IL,3,6,3,5,0,15,5,3,8954173
69133,07/28/2000,IL,1,5,3,4,3,2,5,4,12120230
34503,11/22/2007,FC,5,5,2,4,3,10,5,1,11342061
9778,04/06/1998,FC,5,6,3,5,4,2,4,5,14638096
44470,06/05/2012,IL,15,5,3,10,0,10,4,5,15661454
67539,08/06/2009,IL,10,6,4,8,0,5,5,4,15282602
98235,06/14/2013,FC,5,4,4,5,4,1,4,2,14415916
5897,12/28/2011,IL,4,5,4,4,4,5,5,5,11615917
64069,01/26/2012,IL,2,6,3,5,4,5,5,4,12066338
43056,09/06/1997,FC,2,4,12,5,0,3,5,2,13677983
67791,10/17/2008,FC,5,4,3,4,5,25,5,7.5,7528643
80366,02/21/2013,IL,5,4,3,5,0,1,10,4.5,14720175
85977,12/17/2010,FC,25,3,3,5,0,1,5,3,21356831
95448,11/05/2008,IL,3,4,5,5,4,20,5,5,8223981
35788,02/27/2013,FC,5,6,4,5,3,5,10,4,12646745
21920,08/05/2011,FC,20,4,12,5,2,1,10,7.5,19261977
66328,06/06/2003,FC,25,6,2,5,0,1,4,3,20397475
12845,11/22/2012,FC,2,4,3,4,0,5,5,5,12071345
96240,11/13/2009,IL,3,3,5,10,0,1,5,2,13987161
87732,03/18/2011,IL,2,4,12,10,3,1,5,4,15340963
8276,01/07/2011,IL,4,4,4,5,0,2,5,5,16389599
54984,11/17/1995,FC,1,3,4,5,5,5,8,5,11396286
67302,05/18/2011,FC,2,4.5,1,5,0,4,5,5,12190492
83188,05/01/1998,FC,3,3,3,5,0,1,4,2,13808987
53721,05/01/1998,FC,3,3,3,5,0,5,5,4,13427790
36681,03/02/1998,FC,5,3,5,5,0,1,4,5,14967708
67563,11/27/2008,FC,1,4,2,10,0,2,4,3,12762588
8185,09/04/2009,IL,3,4,12,10,0,1,4,5,14845569
34199,11/29/2008,FC,2,5,12,5,4,1,4,5,13384422
35936,04/18/2006,IL,20,4,4,5,0,1,5,7.5,19456084
78636,02/07/2009,FC,5,5,3,5,3,3,4,5,13199708
81993,11/22/2009,FC,1,4,4,5,0,4,5,3,12223361
51375,12/23/2005,IL,1,6,3,10,0,1,5,4,12716554
28026,02/19/2004,FC,3,4,3,5,0,3,4,2,14355173
98972,04/17/2009,FC,4,6,4,10,4,2,5,4,12292019
63231,08/25/2007,FC,1,5,2,4,2,2,4,5,12581203
19149,09/17/2009,FC,25,4,4,5,4,25,4,5,14128443
46461,10/04/2000,IL,5,4,5,5,0,1,5,5,14533278
20732,08/11/2007,IL,2,6,4,10,0,5,5,4,12969794
58718,04/21/2007,FC,1,4,2,5,3,10,8,4,9910135
896,09/17/2009,IL,1,4,6,5,0,5,5,3,11880930
2232,04/13/2007,FC,2,5,3,5,0,5,5,4,12074165
34111,09/06/1996,FC,3,5,3,5,3,2,5,2,12847666
51685,09/15/2007,FC,4,4,4,4,0,1,5,5,15310807
69022,09/15/2007,FC,1,4,3,5,12,4,10,2,10485084
10229,04/14/2010,FC,3,4,4,4,0,2,4,7.5,13461585
3470,02/26/2011,IL,1,5,2,5,4,1,5,5,11951755
65395,08/13/2009,FC,1,4,2,4,0,2,5,5,12746563
21261,05/30/2006,FC,3,4,4,5,0,2,5,5,14589052
96132,04/04/2008,IL,3,4,5,5,5,1,4,4,14701207
27128,03/31/2011,FC,20,6,4,5,0,1,8,4,19308587
34600,10/14/2013,FC,2,5,4,4,4,1,10,4,13079630
66263,06/01/2012,FC,5,6,3,5,0,1,4,6,12809495
92732,12/17/2010,IL,2,4,2,5,24,1,5,4.5,8616856
4137,07/12/2013,IL,3,4,2,5,0,5,5,4,12086012
54165,07/14/2007,FC,3,4,2,4,4,1,4,4,13120202
90069,04/08/2010,FC,3,4,2,10,3,4,5,6,11788012
35470,03/30/2002,IL,3,4,12,4,3,1,5,7.5,14159611
34610,01/17/2012,IL,5,5,3,4,0,1,5,5,14207425
86741,10/14/2013,FC,2,4,4,10,0,1,5,4,13395774
28684,01/04/2014,FC,5,5,9,5,0,1,5,4,14140039
4333,08/30/2013,FC,1,4,3,5,0,3,5,2,12392639
79677,09/06/1996,IL,1,4,3,5,0,3,4,5,12753681
66326,07/16/2012,IL,4,5,4,5,0,2,4,1,13677871
66060,01/23/2009,FC,20,3,4,5,0,2,4,7.5,20990914
63157,02/26/2011,FC,5,2,4,5,4,1,5,5,14543780
31731,08/25/2006,FC,2,7.5,3,5,0,1,4,5,12833597
88575,01/16/1999,IL,3,5,3,4,0,1,4,5,13507115
247,11/26/2010,IL,2,4,1,5,4,2,5,4,12124045
75599,07/04/2009,IL,5,6,3,5,0,2,5,7.5,14915674
45042,10/04/2013,FC,5,4,4,4,0,2,5,5,14339712
72033,06/06/2003,FC,1,4,1,5,4,5,5,4,12653760
8954,12/07/2004,IL,15,4,3,4,0,2,5,5,16796813
46355,08/06/2009,FC,5,4,12,5,4,1,5,5,14531084
38270,03/05/1996,FC,4,6,5,10,0,2,4,5,15181127
12668,12/20/2003,IL,3,7.5,4,4,0,25,5,5,6630260
13154,11/25/2011,FC,3,6,6,4,4,2,4,4,12884361
41363,01/23/2009,IL,5,5,3,4,0,1,5,4,14187439
33762,11/29/2008,IL,5,4,3,5,0,5,8,5,13602095
65961,09/26/2003,FC,1,4,2,4,0,1,5,5,14083932
61862,12/30/2011,FC,3,3,4,5,0,3,4,4,12980284
17628,09/09/2005,FC,5,3,5,5,0,5,4,3,13969591
1031,05/18/2011,FC,3,4,3,5,5,1,4,3,13603776
19993,03/24/2009,FC,2,4,2,5,0,4,5,7.5,12894333
96210,11/22/2009,FC,5,4,2,5,3,1,5,3,14224466
8630,06/27/2007,FC,25,4,15,4,12,1,5,4,20821746
67809,12/28/2011,FC,4,4,3,5,0,1,4,3,15196926
92705,08/13/2009,FC,5,4,4,4,0,1,4,3,14431039
33465,06/04/1996,IL,5,5,4,5,0,1,5,5,14290684
95610,11/03/2012,IL,3,3,4,5,0,5,5,3,13468416
50542,10/06/2007,FC,5,4,4,5,3,1,4,5,14046678
80382,11/22/2009,FC,3,4,4,5,2,4,5,4,12729951
18672,08/07/2013,FC,5,4,2,5,4,3,4,3,13659947
48422,08/08/2013,FC,4,4,3,4,0,1,5,5,14027743
35549,08/01/2010,FC,2,5,9,5,5,1,5,4.5,10932273
21519,12/21/2012,FC,5,6,2,5,3,5,5,5,12409579
33729,10/14/2013,FC,3,5,4,5,0,1,5,4,13593745
30260,02/07/2009,FC,3,4,4,4,0,1,10,7.5,14587878
25043,07/14/2007,FC,5,4,4,5,0,1,4,5,14767062
12179,12/02/2007,FC,4,4,5,10,5,1,4,5,12978745
80918,12/18/1998,FC,3,3,2,5,0,5,10,5,12772573
62595,12/06/2013,IL,1,4,2,5,5,1,4,5,12398513
32081,04/22/2010,FC,5,4,4,5,0,1,4,3,14962419
86784,11/19/2009,IL,5,5,2,4,4,1,5,5,13423939
15003,09/01/2001,FC,20,6,12,5,5,1,10,5,19455816
61470,11/03/2012,FC,25,6,9,5,30,5,5,5,16841520
59547,08/26/2000,DT,3,4,3,5,0,2,4,5,13854272
42171,01/15/2013,FC,2,4,3,5,0,2,5,5,13007308
43397,02/29/2012,FC,4,4,1,4,2,2,4,4,14271763
19830,03/30/2002,FC,2,4,2,5,0,1,5,1,13218034
93730,05/16/2008,FC,2,4,4,10,0,1,8,7.5,13394416
31680,08/26/2000,DT,4,3,3,5,0,5,5,2,13373317
13414,12/16/2009,FC,1,4,2,4,3,1,5,5,12450433
28012,02/16/2010,FC,4,6,3,5,4,5,5,2,12569611
29431,07/10/2013,FC,4,4,2,4,0,4,5,5,13072805
8625,10/22/2006,FC,2,7.5,4,5,0,1,4,3,12668067
32600,10/28/2008,IL,20,4,2,5,0,1,10,2,19576417
61269,09/26/2006,IL,5,3,4,10,0,1,4,3,14287222
29940,04/13/2007,FC,5,7.5,2,8,0,1,4,4,13722647
32217,03/15/2011,IL,2,4,2,10,0,2,5,4,12928147
56386,07/17/2009,IL,15,6,3,5,0,5,4,4,17654373
44892,10/10/2011,FC,4,4,4,5,4,5,5,4,12412054
86978,09/06/1996,IL,3,3,4,4,0,25,5,5,7793668
76543,11/19/2009,IL,3,4,3,5,0,3,10,2,14327899
48015,03/24/2008,FC,3,3,4,8,0,1,4,4,14817290
12954,06/29/1997,IL,4,5,2,4,3,5,5,5,12153409
25789,12/20/2003,IL,2,4,2,5,24,25,5,5,3300819
29872,06/09/2007,FC,3,4,4,5,0,1,10,3,13768627
19764,02/26/2011,FC,3,4,6,5,2,1,5,3,14020949
28722,11/22/2007,FC,2,4,9,4,2,2,5,3,12870035
12592,11/17/2009,FC,25,4,6,5,0,1,5,3,23059810
2302,01/26/2012,FC,2,4,3,4,0,1,8,4,13306315
3393,12/23/2005,IL,2,6,2,5,4,1,5,3,12353095
30071,09/01/2010,IL,5,2,4,4,1,10,4,5,12527986
43761,04/09/2000,FC,3,6,3,4,0,2,4,5,12940069
68399,05/29/2013,FC,3,7.5,3,5,0,1,4,7.5,13166998
36342,11/13/2009,FC,5,3,4,4,3,1,4,7.5,14149768
57724,08/07/2013,IL,1,4,4,5,0,1,4,7.5,13363930
30413,06/08/2000,FC,3,3,2,5,3,1,4,7.5,13683188
97567,07/07/2010,IL,3,6,5,4,0,3,4,3,13017955
78184,06/24/2011,IL,5,6,3,5,0,5,5,5,13531491
84743,09/20/2013,FC,1,7.5,2,10,0,1,5,4,13904897
31890,01/27/2005,FC,3,4,5,5,3,1,4,5,13108311
23616,12/12/2011,FC,4,3,3,5,0,5,8,5,14265024
18562,11/17/1995,FC,3,4,4,5,0,4,5,5,13206359
17542,01/22/2011,IL,1,4,3,5,2,5,10,5,11594251
52169,08/30/2013,FC,3,4,4,5,0,2,5,2,13462797
96166,12/20/1997,FC,4,4,3,5,0,3,10,5,13445104
64694,04/12/2012,FC,3,5,4,4,18,3,10,5,10594640
19971,03/26/2005,FC,3,4,5,5,0,2,5,5,13561961
79070,03/16/2006,IL,3,5,4,4,0,10,5,5,10980150
44539,04/14/2009,IL,2,4,4,5,0,2,8,5,15522100
27478,07/05/1997,IL,5,4,6,5,3,2,4,4.5,13860039
22123,04/01/2000,FC,1,3,4,5,0,3,4,5,11946155
67612,11/17/2009,FC,4,4,2,5,0,10,5,5,11923763
33434,09/23/2008,IL,2,5,3,5,0,4,5,3,12748371
39037,09/09/2013,IL,2,4,4,5,3,4,4,5,12152180
99025,02/01/2012,IL,3,3,4,4,0,1,5,4,14305184
52518,05/24/2007,IL,1,6,4,5,0,10,5,4,10998497
89456,06/15/2010,IL,10,4,2,8,4,5,5,3,14907447
36147,12/28/2011,IL,1,5,9,5,0,4,5,2,12593784
24991,12/16/2009,IL,5,7.5,4,8,0,1,5,4,14293500
80033,03/31/2011,FC,1,4.5,2,5,0,1,4,5,13325161
83895,11/22/2009,FC,1,5,2,5,0,1,4,3,13051998
51434,11/22/2009,IL,25,3,2,5,4,4,4,5,20065114
54408,12/04/1999,FC,3,4,4,10,0,1,4,2,13763721
31828,04/06/1998,FC,2,3,4,5,0,1,4,2,15623395
349,01/01/2000,IL,25,4,4,10,0,25,5,2,15790543
47480,10/21/2011,IL,5,4.5,3,8,0,3,5,4,14425817
6983,04/12/2013,FC,3,6,6,4,2,4,8,4,12540843
33728,12/04/1999,FC,5,4,2,5,0,2,5,5,13950381
86756,09/26/2006,FC,5,4,3,5,0,1,5,4,14141547
92495,12/03/2013,IL,3,5,4,4,0,2,5,5,13813861
83775,08/02/1995,IL,5,4,3,10,5,4,10,4,12826353
11616,11/05/2011,FC,4,5,12,5,0,25,4,5,8431974
44781,08/19/2006,FC,2,4,2,5,4,1,10,6,13148950
35920,08/20/2004,FC,5,4,4,5,0,2,4,3,13987868
42133,03/06/2013,FC,5,3,2,5,4,2,5,2,13923674
69707,01/14/2011,IL,1,7.5,15,10,3,3,5,3,13536678
46217,11/14/2012,IL,3,4,3,5,0,20,8,4,9949936
33655,10/26/2009,IL,4,3,3,5,4,5,5,5,11798979
29584,11/13/2013,FC,2,4,4,10,3,4,5,4,12159628
28294,08/11/2007,IL,4,5,12,5,0,1,4,7.5,15070097
35306,10/12/2013,IL,1,5,5,5,3,2,4,4,12310775
89276,01/05/2000,FC,1,4,4,5,0,5,5,7.5,11533667
82699,09/13/1999,DT,15,4,4,5,3,10,4,5,15987824
19464,07/12/2013,FC,5,4,4,5,0,10,8,3,12081143
73901,12/24/2010,IL,3,4,2,5,3,25,4,5,6707546
9631,09/15/2006,FC,3,3,3,8,30,2,10,4,9532162
82603,06/24/2011,FC,4,4,3,5,0,2,5,2,14162076
48674,12/29/2012,FC,25,4,4,5,0,1,10,5,21901559
70403,04/14/2009,IL,1,7.5,12,4,3,5,4,3,11862679
53002,04/21/2007,IL,5,7.5,3,5,0,5,4,5,12643719
37733,05/02/2013,FC,1,4,5,5,0,1,4,4.5,13153896
40262,01/01/2000,IL,3,4,2,5,3,5,4,4,12023327
66467,06/26/2010,FC,1,7.5,2,5,0,3,5,4,14364649
30736,08/18/2012,IL,4,4,3,5,0,5,5,5,12047806
47458,11/17/2009,FC,5,6,4,5,0,5,5,5,12208155
56100,11/05/2009,IL,2,4,2,5,0,1,4,4,11490689
242,05/06/2013,IL,2,3,12,5,0,1,4,7.5,14349407
69178,05/05/2007,FC,1,4,12,10,4,2,4,7.5,13037856
93795,12/24/2010,IL,5,4,4,5,4,1,4,4,13912770
49847,08/25/2006,FC,4,4,4,5,4,1,5,5,14213743
14429,12/23/2012,FC,2,6,2,10,18,1,5,5,10458934
45718,10/23/2004,FC,5,5,12,5,0,1,5,2,15688233
73370,12/31/2011,IL,2,6,3,5,5,1,5,4,11975908
59828,02/16/2010,FC,3,4,3,5,4,2,4,5,15072513
63520,06/20/2011,IL,2,4,2,4,0,5,5,5,12484912
6789,07/28/2000,DT,5,4,6,4,0,4,5,4,12102782
12468,03/28/2009,FC,2,6,4,10,0,2,5,2,13267658
97193,12/17/2013,FC,5,3,6,10,5,5,4,3,13505481
72935,09/04/2009,IL,20,3,3,5,0,1,10,5,19629409
73596,07/20/2007,IL,3,7.5,1,5,0,5,5,4,12544239
62172,04/18/2008,FC,4,4,5,5,0,2,5,2,13915916
32949,11/05/2008,FC,4,6,1,10,0,5,5,4,12391789
76076,08/01/2008,FC,1,5,6,5,4,10,5,4,10283826
29845,02/07/2009,FC,5,4,3,5,0,3,5,2,13774812
47418,06/01/2012,FC,20,5,4,8,0,1,4,5,20065025
91024,04/19/2013,FC,25,3,3,5,0,3,5,4,21395913
15691,08/18/2012,IL,5,4,5,4,4,2,5,5,14131012
93331,02/26/2011,IL,1,5,4,5,0,1,5,6,13280280
47448,10/14/2013,FC,4,5,2,10,0,15,5,3,9897224
43876,07/15/2011,IL,2,4,2,10,0,25,10,5,6092756
14869,03/26/2005,FC,25,3,2,5,0,1,5,4,21640783
37338,05/18/2011,FC,5,7.5,4,5,5,1,10,5,13728346
55018,03/17/2007,FC,3,5,5,5,0,5,4,7.5,12638660
76313,05/30/2006,FC,20,4,3,5,4,2,5,4,18688362
90540,08/18/2012,IL,5,4,4,5,2,4,4,5,13353186
17105,09/28/2008,FC,3,4,2,5,5,2,4,2,12560079
10617,02/06/2007,FC,2,4,3,8,0,10,10,3,10822394
62196,10/24/2006,FC,20,4,5,8,4,5,4,5,17535118
74226,07/12/2012,FC,1,5,4,5,0,1,4,2,13070132
32995,12/02/2007,FC,3,3,3,4,0,4,4,2,12937363
63341,11/12/2010,FC,1,6,9,8,0,4,8,5,13709601
98642,06/01/2012,IL,5,7.5,1,5,0,5,5,2,12523195
33886,07/12/2012,FC,1,5,1,4,0,2,5,4,12168168
71687,05/01/2009,FC,5,4,4,4,0,4,5,5,14046568
68249,08/20/2011,FC,5,3,3,10,0,5,5,3,12493176
78447,12/18/2010,IL,2,4,6,4,0,3,5,5,13049111
58630,09/19/2009,IL,1,3,4,5,0,1,4,4,13606536
19304,01/22/2011,IL,2,5,12,5,4,20,5,5,8837820
94075,04/01/2000,FC,5,4,5,5,0,25,4,4,7933538
82219,03/31/2011,FC,4,4,4,4,0,3,4,4,13448279
55172,05/18/1998,FC,1,4,6,4,4,1,4,4,12911285
34121,01/14/2011,IL,4,4,4,5,3,1,5,3,13832918
11124,12/17/2006,FC,5,7.5,3,10,0,2,10,5,13557215
67170,12/08/2012,IL,15,4,2,5,0,20,4,3,11798715
84348,11/19/2009,FC,10,4,4,5,0,4,5,3,15334556
22312,11/29/2007,IL,1,5,5,5,0,1,4,5,13032794
25281,10/06/2007,FC,5,4,4,4,0,1,10,2,16258859
68319,09/15/2006,FC,2,5,4,10,2,1,5,5,13001973
74820,01/31/2012,IL,20,4,2,5,4,2,5,5,20100678
82711,01/22/2011,FC,2,4,4,10,0,1,5,3,15285952
49944,11/17/1995,FC,15,4,4,4,0,1,5,5,18294066
55771,11/25/2008,IL,5,5,2,4,0,2,5,7.5,12973377
14899,09/06/1997,IL,5,4,3,5,0,1,4,4,14336065
50018,12/21/2012,FC,5,4,3,5,0,1,5,5,14337074
29602,12/24/2010,IL,4,4,2,5,0,5,5,5,12434966
28318,05/01/2013,IL,2,3,3,5,0,2,4,5,13568181
17410,08/13/2011,FC,3,4,3,5,0,5,5,7.5,11704004
78126,08/20/2004,FC,2,4,2,4,0,2,4,5,12946946
12153,12/28/2011,FC,1,6,4,10,0,5,4,3,11693177
48995,12/02/2007,FC,4,6,3,5,12,1,5,5,11549391
23701,11/08/2013,FC,5,4,3,4,0,3,4,5,14213772
69754,06/01/2010,IL,3,4,4,5,0,1,5,4,13754876
64728,01/26/2012,IL,15,5,4,5,18,1,5,1,14363939
82518,04/04/2012,FC,2,4,1,5,18,3,5,5,9905450
47467,10/23/1999,DT,5,4,2,10,0,1,5,7.5,13801044
67965,09/26/2003,FC,5,5,1,10,0,1,5,4,14696224
43498,09/15/2006,FC,5,4,2,10,5,1,5,5,13547247
24458,03/02/1998,FC,4,5,3,8,4,2,5,4,12605260
87051,11/27/2008,FC,5,3,4,10,0,25,8,4,7104152
54225,07/30/2010,IL,2,4,3,5,0,4,5,4,12877849
94735,11/25/2011,FC,3,6,4,5,0,2,8,3,13894059
24065,07/04/2011,FC,1,4,2,5,4,1,5,5,12326359
45261,02/26/1998,IL,25,4,12,10,0,1,5,4,22653530
84436,04/06/1998,FC,15,4,2,10,0,5,4,3,17837637
43638,07/20/2007,IL,3,4,12,5,0,1,4,5,14564999
16542,02/26/2010,FC,4,4,5,5,0,2,5,4,13227997
23748,09/26/2003,IL,4,4,1,5,3,4,5,5,13795028
84042,08/19/2006,IL,3,4,3,4,0,2,5,5,13865772
6159,04/06/1998,FC,3,5,1,4,0,3,8,5,12749228
29205,11/05/2009,FC,1,7.5,5,5,0,1,4,2,12161774
79914,03/05/1996,FC,4,6,15,5,4,1,5,5,14399203
82795,11/25/2011,FC,1,6,4,5,0,20,4,5,7137038
6438,07/30/2010,FC,4,4,4,5,5,25,4,5,6789088
71225,04/22/2008,FC,5,4,1,5,4,1,10,3,14327146
59132,07/16/2012,IL,5,4,6,4,0,2,5,5,13925297
96302,09/09/2013,FC,1,3,9,5,3,3,5,4,12561659
82825,11/12/2010,IL,2,5,3,10,0,5,5,3,12572099
1955,12/04/1999,FC,4,3,4,5,5,1,5,4,13678717
60983,03/31/2011,FC,1,4,4,5,4,1,4,5,14249289
36612,10/06/2007,FC,5,4,4,5,5,2,5,5,13282812
58507,10/25/2013,FC,5,7.5,3,4,0,1,4,6,13577975
35926,06/13/2009,IL,4,5,2,5,18,5,5,5,9807059
84791,06/24/2011,FC,3,4,12,5,0,1,4,4,14567389
98528,05/07/2010,IL,1,4,2,5,3,4,5,5,11614416
7825,10/06/2006,IL,3,4,4,5,0,1,4,5,15363969
7061,04/01/2000,IL,3,2,4,5,0,15,4,5,11698915
95741,03/06/2009,DT,4,3,4,5,4,1,5,4.5,13705966
28791,01/07/2011,IL,3,5,2,5,0,1,4,2,13834493
74512,09/09/2013,FC,2,6,4,5,0,1,5,3,13823498
21220,11/22/2007,FC,1,4,2,5,0,1,10,3,13505437
48954,12/18/2010,FC,1,4,12,5,3,4,8,1,12642793
92318,08/01/2000,FC,3,5,3,5,0,2,4,4,14252943
13899,05/12/2013,IL,10,4,2,4,0,1,5,3,17504349
87934,10/10/2013,FC,5,5,1,5,0,2,4,5,14236668
81909,04/18/2008,IL,4,6,2,4,0,1,5,5,13615360
63257,01/03/2013,IL,15,4,4,10,5,5,10,1,16573038
27727,08/18/2012,IL,4,6,6,5,0,5,5,3,12904630
7166,02/27/2013,FC,5,6,3,5,3,2,5,3,13351938
4544,07/14/2000,IL,1,4,5,10,0,1,4,5,13140319
56249,06/18/2007,FC,5,4,4,10,4,1,5,5,13874375
98199,10/10/2013,FC,3,4,15,5,0,2,10,7.5,15026895
58354,08/05/2011,FC,3,4,2,5,3,4,5,4.5,11758602
55263,10/26/2009,FC,2,7.5,2,5,0,3,5,5,12860617
45231,03/01/2008,FC,5,3,3,5,0,1,5,5,17041399
58583,10/04/2012,IL,5,4,2,5,0,2,5,3,14605592
84631,11/05/2011,FC,2,4,3,4,3,5,5,3,12732217
4695,06/04/1996,IL,1,4,2,4,0,1,5,4,13790744
48218,11/26/2009,IL,10,3,6,4,0,1,5,5,16496970
23563,10/17/2008,FC,10,4,4,5,0,3,5,7.5,16829821
55598,09/06/1996,IL,4,4,12,5,4,3,4,3,13809742
8328,03/29/2013,FC,5,7.5,5,5,3,2,10,5,13354181
94564,08/07/2013,FC,3,5,3,5,2,1,4,4,14090168
97539,10/04/2012,IL,1,4,3,10,0,2,4,4,13086583
9823,11/13/2009,FC,4,6,3,10,0,5,5,5,12608142
8960,04/13/2007,IL,3,4,3,5,0,1,4,2,13665790
40543,11/17/2009,FC,5,4,2,5,0,5,4,7.5,12955496
5990,01/14/2011,IL,25,4,1,5,4,2,5,5,20192937
14511,07/16/2012,IL,10,5,4,5,3,1,5,5,17150034
54527,01/03/2013,IL,2,5,4,4,0,5,5,5,11719242
15729,03/17/2007,IL,4,6,3,5,18,2,5,3,10982830
86495,05/18/2011,FC,3,4,4,5,0,1,5,3,14785859
49452,06/27/2007,FC,2,4,4,5,0,1,4,4,13177494
2543,07/12/2012,FC,3,7.5,3,5,24,3,5,5,9305609
99600,04/17/2009,FC,4,6,2,5,0,20,5,5,8360585
57861,03/30/2002,IL,5,3,12,5,0,5,5,5,14798356
10167,05/29/2013,FC,4,4,4,5,0,1,4,5,16647844
74365,08/03/2012,FC,3,5,4,5,0,1,4,3,13614045
46034,10/04/2013,FC,3,5,12,5,0,25,4,3,7817484
15082,12/31/1997,FC,10,4,3,5,12,1,10,2,13568775
1456,03/01/2008,FC,4,5,4,10,2,5,5,5,12577690
44288,06/26/2010,FC,5,4,3,5,0,1,4,5,14491386
99794,03/30/2002,FC,4,5,2,5,4,3,5,5,12397708
99005,11/05/2008,FC,1,4,3,5,0,3,8,5,12916313
56441,08/14/2009,FC,3,4,4,5,0,1,5,5,13894250
90002,02/26/2010,FC,5,4,3,4,18,2,8,5,12436544
38744,05/06/2013,IL,3,6,4,5,0,2,4,5,12671384
67746,01/16/2009,FC,1,6,15,5,0,10,5,5,11431340
7570,11/05/2008,IL,3,3,2,5,3,5,4,5,12674151
14922,08/24/1996,IL,3,4,2,4,4,1,4,5,11670282
28558,04/18/2008,FC,4,4,3,5,0,2,5,2,13425234
90160,11/01/2007,IL,1,4,3,4,1,1,5,3,14269023
50593,12/23/2012,IL,4,5,4,10,24,10,5,5,8236347
19957,06/15/2010,IL,5,5,12,5,1,3,4,7.5,14404084
81279,09/10/1998,DT,3,4,4,5,4,5,5,3,13070876
40369,03/18/2011,FC,3,4,3,10,0,1,4,5,14150948
53182,07/14/2000,IL,5,4,4,5,0,1,5,5,14661175
72668,03/06/2009,IL,3,4,2,4,0,1,4,5,13363584
20934,10/26/2009,FC,3,5,12,4,0,1,5,7.5,14730730
765,06/06/2003,FC,25,4,12,5,18,2,5,3,19887711
96394,06/01/2012,FC,1,4,3,4,0,5,5,5,11430083
59707,12/11/2012,IL,3,5,6,4,0,1,4,5,13778554
80906,06/18/2007,FC,3,5,2,5,0,2,4,3,13101731
97666,10/18/2012,IL,2,7.5,5,5,4,3,4,5,11937063
49963,12/23/2012,FC,3,4,2,5,0,2,4,6,13645953
61509,10/06/2010,FC,10,4,6,4,4,20,5,5,12316168
68291,04/03/2010,FC,4,4,2,5,0,5,5,4,13623958
45541,03/24/2009,FC,3,4,4,10,5,1,5,5,13609318
2539,08/01/2010,FC,4,4,4,5,0,1,4,4.5,14433909
37628,06/01/2010,IL,3,4,2,5,5,5,5,1,12157793
83124,12/06/2013,IL,4,4,4,5,0,1,5,4,14111225
21805,07/10/2013,FC,2,4,5,4,4,1,4,3,12239256
65611,01/20/2012,FC,1,4,4,10,0,25,4,4,7671943
94632,12/23/2011,FC,10,3,2,5,0,1,4,6,15733237
39367,06/13/2006,FC,15,3,2,4,4,1,4,3,17809434
33551,06/06/2007,IL,3,4,3,5,0,1,4,6,13619987
4914,03/07/2010,IL,1,5,2,5,0,1,4,5,12887738
23852,02/26/1998,IL,3,7.5,3,10,0,1,4,5,13576868
30504,09/06/1996,IL,3,4,4,5,0,20,5,5,8519143
89590,07/18/2011,FC,3,7.5,9,4,0,5,4,5,12335306
71933,09/09/2013,FC,20,6,4,5,0,1,4,5,19343600
72089,03/06/2009,FC,5,4,2,4,0,2,5,5,13923935
46706,10/21/2011,FC,2,5,5,8,18,5,8,3,9789899
29227,08/14/2009,FC,3,4,3,5,0,1,10,5,14156924
76674,07/16/2012,IL,2,5,2,4,3,1,5,2,13059240
13506,03/06/2013,IL,5,6,3,10,0,2,5,5,14282595
95369,12/20/1997,IL,15,5,2,4,0,2,5,3,17266167
78767,05/05/2007,FC,15,4,2,4,0,5,4,5,16967756
38763,06/05/2012,IL,5,3,2,5,3,2,5,4.5,13763596
80517,06/26/2010,IL,20,4,3,4,0,1,4,4,19331967
58639,12/31/2011,IL,1,4,2,5,0,3,10,5,13227165
4881,05/01/2010,FC,5,3,12,5,0,1,4,2,15475577
58223,07/10/2013,FC,2,4,4,5,0,2,5,1,13116737
83692,08/01/2008,FC,2,6,4,5,0,3,5,6,12567401
70174,07/31/2013,IL,5,4,4,5,0,1,5,2,13991056
9659,06/27/2007,FC,25,3,2,4,24,2,4,3,18232220
53990,04/01/2000,FC,1,4,2,4,5,5,5,5,11779573
88480,12/17/2006,FC,3,6,6,5,5,15,8,4,9295528
75376,03/05/1996,IL,5,3,4,5,0,3,5,4,14532175
97577,08/20/2004,FC,1,4,2,5,0,1,10,5,13562570
41226,01/23/2009,FC,20,3,2,5,0,2,4,5,19762427
69941,11/16/2012,FC,5,5,2,5,0,2,5,5,13809857
18018,12/31/1997,FC,3,4,5,8,0,25,5,4,7749286
78187,12/11/2012,IL,3,4,2,5,0,1,5,5,12691547
74676,06/27/2007,FC,3,4,3,5,0,5,8,3,12534973
63905,04/18/2006,IL,3,6,2,4,5,3,4,5,12944983
92165,02/01/2011,FC,2,4,4,4,0,3,5,5,13510294
9704,12/24/2010,IL,1,4,9,5,0,4,5,4,13260844
85432,06/01/2012,FC,1,3,2,5,0,2,5,5,12701899
23388,04/09/2000,IL,2,4.5,4,5,0,2,5,5,13053293
67417,11/29/2008,FC,4,4,9,5,0,3,4,5,13873074
88695,01/26/2012,FC,1,4,9,4,3,2,4,2,12866994
56113,05/15/2012,FC,2,6,3,4,4,1,10,5,12962139
8427,03/24/2009,FC,4,7.5,2,4,4,10,5,6,10716012
49130,03/27/2013,FC,3,4,4,5,0,1,4,2,14139551
93201,09/19/2009,IL,5,4,2,5,18,3,4,3,10348350
49177,03/29/2013,IL,4,3,4,4,0,1,4,3,14199952
1553,07/17/2009,IL,4,3,3,10,3,1,4,5,12863485
72121,07/18/2011,IL,1,3,4,5,0,3,5,7.5,13155619
32427,12/20/2003,IL,25,4,2,4,6,3,5,3,20966113
76441,12/12/2011,FC,2,4,2,5,0,5,4,4,12268848
18249,06/27/2007,FC,3,4,3,5,0,1,4,4,14234906
58240,07/17/2009,IL,3,7.5,3,5,0,10,4,4,10667615
44494,07/04/2008,IL,3,4,4,5,4,15,4,3,10570074
52925,02/19/2010,FC,3,6,3,10,0,5,4,7.5,12258755
75063,10/15/2012,FC,3,5,2,4,0,3,5,5,12870913
64745,05/07/2010,IL,4,6,2,4,0,2,10,2,13847812
96870,03/01/2008,FC,3,5,4,5,0,4,5,4.5,12796575
58338,05/24/2007,IL,5,4,2,5,0,3,4,5,13744277
60169,08/06/2009,FC,2,4,6,5,6,5,4,7.5,11322500
44352,11/03/2012,FC,2,4,4,4,0,5,4,3,13550256
18344,07/31/2013,IL,3,4,9,5,0,2,4,6,14317599
10439,09/15/2011,FC,3,5,15,5,0,1,5,4,15284771
17420,03/28/2009,IL,2,4,4,4,0,4,8,5,12580551
34337,03/01/2008,FC,5,4,3,5,4,4,5,4,15076474
93951,04/01/2000,FC,5,4,2,5,4,5,5,4,12574071
24421,09/08/2010,FC,3,4,1,5,0,1,4,6,13798187
23807,12/29/2012,IL,2,3,4,5,3,3,5,5,14947229
99858,10/04/2013,FC,4,4,5,10,0,1,4,5,14490646
81784,02/26/1998,FC,2,4,4,5,4,1,5,5,13866295
36265,02/09/2000,DT,4,4,1,5,0,25,5,2,8221972
73526,04/18/2008,FC,20,4,5,10,4,1,4,5,19138274
7804,08/25/2007,IL,4,4,4,10,3,2,5,5,13916862
97470,09/01/2001,FC,1,3,2,5,0,1,4,3,12638997
18751,10/11/2010,IL,5,4,1,10,0,1,5,3,14134389
27636,03/05/1996,IL,20,3,3,5,4,1,8,7.5,19483538
89343,09/04/2009,IL,2,5,2,8,0,1,8,5,13054117
65466,09/19/2009,FC,5,4,1,5,0,4,5,7.5,12605868
68727,11/21/1999,FC,5,4,2,5,0,25,4,7.5,8212106
44805,03/24/2008,FC,1,4,9,5,0,1,8,5,14105767
42447,06/01/2012,IL,15,4,4,5,0,4,5,5,16498400
38354,01/16/2009,IL,5,4,3,5,0,5,5,3,13756539
98754,04/28/2012,IL,10,4,5,5,0,10,5,4,13782172
60975,08/18/2012,IL,3,5,2,5,0,2,5,5,14006087
72569,12/12/2011,IL,3,4,2,10,0,5,8,2,12776735
46083,11/04/2011,DT,3,4,5,5,0,1,5,3,13744666
59049,11/01/2007,IL,2,4,6,5,0,5,4,5,12937763
82072,09/01/2010,FC,3,4,4,5,0,2,4,5,13601774
45348,11/21/2009,IL,3,5,2,10,4,2,5,2,12974942
33831,08/13/2009,FC,4,4,2,5,0,1,6,3,13890562
37967,02/26/1998,IL,1,5,3,5,0,1,5,4,12290993
92256,06/15/2010,IL,2,4,2,4,0,1,10,4.5,13189496
29110,05/01/2009,FC,1,7.5,5,5,4,1,4,3,11677922
44478,09/01/2010,IL,3,5,4,4,0,3,5,1,12950492
79482,12/31/1997,IL,3,5,4,10,3,2,10,3,13597192
2463,07/04/2009,IL,3,3,3,5,0,3,4,7.5,14089141
55046,08/18/2012,IL,5,4,2,5,0,1,10,5,13703760
77871,06/01/2012,FC,3,5,4,5,0,4,5,5,13201685
224,03/30/2002,FC,1,5,3,5,0,2,5,5,14620574
86394,03/16/2007,FC,5,4,12,5,0,3,4,7.5,14733468
47130,09/07/2010,FC,4,3,4,4,0,1,4,2,14419810
43010,08/13/2009,FC,1,4,4,8,0,3,4,5,12003233
69445,11/17/2009,IL,1,4,12,4,4,10,10,5,11735448
87573,03/24/2008,FC,2,4,3,4,0,5,4,5,12110133
31124,09/28/2010,IL,1,4,9,5,4,1,4,5,13020558
74635,05/02/2013,FC,3,4,1,4,0,1,5,2,13736125
36219,04/13/2007,FC,5,5,3,4,18,1,5,5,12990683
30601,06/26/2010,FC,3,4,3,5,0,1,5,5,14064084
94222,02/15/2010,IL,5,4,1,8,4,1,5,5,13594503
39358,10/06/2007,FC,2,4,2,5,0,1,5,3,12915238
73629,05/30/2006,FC,3,4,2,5,4,5,5,7.5,11877096
38799,03/14/2012,IL,5,3,4,5,0,25,5,4,8658069
55720,01/23/2009,FC,3,3,12,5,0,2,5,5,14571490
16841,12/20/2003,IL,1,4,15,5,3,1,4,6,13338529
18269,09/23/2008,FC,3,6,3,5,0,1,5,3,12653488
69675,08/20/2011,FC,4,3,2,4,0,1,5,5,14242222
89187,11/25/2008,FC,4,4,2,10,24,1,5,4,10533934
20596,01/26/2012,IL,10,4,2,5,0,15,5,5,12049020
18568,07/17/2009,IL,4,4,4,5,0,1,5,7.5,15614620
86571,03/18/2007,FC,1,5,2,5,0,1,5,5,12683545
96704,09/17/2009,FC,3,5,2,4,0,3,5,5,13203490
50919,10/10/2013,FC,5,6,2,4,0,15,10,2,10067228
93352,05/06/2013,IL,5,4,4,5,0,1,8,4,14594244
57099,10/14/2013,FC,5,6,9,10,0,1,5,5,12678455
54866,04/28/2012,IL,5,4,3,5,0,5,8,7.5,14477363
87015,12/28/2010,FC,1,3,4,8,0,1,8,3,13020027
80699,03/02/1998,FC,5,5,2,5,3,1,5,5,13663996
1797,05/07/2010,IL,4,4,4,5,0,3,4,5,13530916
31207,09/23/2008,FC,2,5,5,5,5,10,5,7.5,10098247
85233,10/14/2013,FC,3,4,4,4,0,2,5,2,13280175
29611,05/16/2008,FC,5,4,4,4,0,5,5,3,13216575
16075,07/20/2007,FC,5,4,3,10,0,1,5,2,14752175
39824,08/28/2009,MB,5,5,3,5,4,1,4,5,13315090
95699,01/27/2005,FC,2,4,3,4,18,1,5,3,11238008
5702,09/15/2011,FC,3,4,12,10,0,10,5,6,12785070
62462,12/20/1997,IL,5,4,3,4,0,4,4,1,14003889
89239,09/03/2010,FC,5,4,4,5,0,1,5,2,15555762
45619,04/28/2012,IL,5,4,12,5,12,20,4,5,8775964
95904,09/14/2009,IL,10,7.5,1,5,4,5,5,6,13726895
72859,11/26/2009,IL,1,4,5,5,0,1,4,5,13162859
69139,09/14/2009,IL,2,4,3,4,3,15,5,4,9360164
13163,11/27/2011,FC,20,3,4,10,0,4,8,3,19214189
7495,11/22/2012,IL,1,4,9,5,0,5,4,5,12475957
35668,04/06/1998,IL,3,3,4,4,12,2,5,2,14550212
30633,07/04/2011,FC,5,5,4,5,0,4,4,5,13825062
96524,05/06/2013,IL,5,4,2,5,4,1,5,4,13649883
96452,12/30/2011,FC,1,4,3,4,0,1,5,5,13462436
27379,01/04/2014,IL,2,4,5,5,0,2,4,5,12353385
54654,08/02/1995,IL,5,4,4,5,4,1,5,4,14532691
84666,11/21/1999,FC,5,4,4,5,0,1,4,2,15553093
61232,08/01/2000,FC,3,5,4,5,4,1,5,5,13566771
27131,04/06/1998,IL,1,6,12,5,0,1,5,5,13962974
52796,03/09/1998,IL,3,4,2,5,0,5,10,4,12747117
57656,07/28/2000,FC,1,4,2,5,0,2,8,7.5,13625720
73567,11/05/2009,IL,1,4,5,5,0,1,4,5,12427995
89115,02/07/2009,FC,4,4,3,10,0,2,5,5,14662419
67559,09/28/2010,IL,2,4,3,10,0,1,5,5,13700446
67616,06/05/1999,FC,5,7.5,1,5,5,2,5,3,12705384
80119,10/17/1995,IL,2,4,3,5,0,5,4,5,12527030
30369,10/26/2009,IL,5,4,4,5,0,5,5,4,14703510
63570,12/02/2007,FC,15,4,3,5,1,2,4,5,17673559
93163,10/14/2013,FC,2,5,3,5,3,10,4,5,10108080
19630,04/22/2008,IL,2,4,2,10,0,1,5,1,13707518
16407,11/22/2007,FC,3,4,2,5,0,1,5,5,13557158
41248,07/17/2009,IL,25,5,3,5,0,1,4,5,21180561
95923,07/18/2011,DT,25,7.5,1,5,0,4,5,3,19380826
6416,02/06/2007,FC,5,6,3,5,3,1,4,7.5,13702897
96980,09/26/2003,FC,15,4,4,5,3,3,5,7.5,16900898
61462,02/19/2010,FC,5,3,3,5,12,2,5,7.5,11677133
27492,07/14/2007,FC,1,4,3,10,3,2,5,2,12351097
15018,01/15/2013,IL,4,6,3,5,0,20,4,7.5,11065275
27470,03/24/2009,FC,5,3,5,5,0,1,8,4,13824971
64807,05/06/2013,FC,3,4,4,5,0,1,10,5,13502300
24137,11/02/2000,FC,10,4,3,4,0,1,5,4,16073599
94004,12/28/2011,IL,25,4,2,5,0,3,5,7.5,19881213
72827,04/18/2006,IL,4,4,2,5,0,5,5,6,11937020
31491,07/30/2010,IL,3,4,2,5,0,2,5,5,14812547
87426,09/28/2008,FC,3,4,1,5,0,3,8,5,12904409
11294,05/08/1995,IL,1,4,2,5,0,20,5,4,8145871
9303,09/15/2011,IL,3,4,12,5,3,1,5,6,14147557
85695,01/23/2009,IL,5,4,6,5,0,1,5,3,14296909
90767,06/06/2013,IL,3,4,4,5,0,1,5,3,13740523
90420,05/03/2009,FC,5,6,15,5,4,3,10,5,14185524
19139,12/17/2010,FC,1,5,4,5,0,1,5,3,13244610
11008,03/14/2012,IL,1,6,2,5,0,5,4,5,12551853
52050,01/23/2009,IL,3,7.5,2,5,0,2,5,5,12259916
57189,08/03/2012,FC,15,2,3,4,2,1,4,3,18286569
45808,08/20/2011,FC,2,3,4,5,0,1,4,5,14777349
77886,04/04/2008,IL,5,4,3,5,4,1,5,2,13361623
46414,04/22/2008,FC,20,4,4,4,4,4,4,7.5,18218416
89562,03/26/2005,FC,5,4,1,5,0,5,10,2,13020867
45810,02/26/1998,IL,3,5,4,10,0,1,4,5,11615202
81597,06/09/2007,FC,25,4,5,10,0,1,4,5,21334378
8515,03/31/2011,FC,4,7.5,5,5,4,5,4,4,11543515
36402,03/14/2012,IL,4,4,4,10,0,2,6,3,14340110
10763,03/05/1996,FC,3,4.5,2,4,18,3,4,2,10948912
3370,04/26/2013,FC,2,4,1,5,0,1,5,4,13062545
58595,12/20/2003,IL,5,6,2,4,0,1,4,2,14608483
45825,04/01/2000,FC,2,4,4,4,0,4,5,5,14148655
14341,04/12/2012,FC,20,4,2,4,5,2,8,5,17912187
81476,10/15/2011,IL,25,5,3,5,1,1,10,7.5,20070453
65655,06/17/2010,FC,5,6,4,10,3,25,10,5,7117483
11584,12/21/2012,FC,5,4,1,5,0,1,5,7.5,13451918
58330,11/22/2012,IL,3,5,3,4,0,3,8,5,13034431
71126,07/15/2011,IL,2,4,3,5,0,1,4,5,13077990
40834,09/09/2010,FC,20,7.5,4,5,4,2,5,5,18305628
36690,12/24/2010,FC,1,4,12,4,3,1,5,3,12959448
13550,04/18/2008,IL,5,4,3,4,0,10,4,7.5,11325654
43490,07/20/2007,IL,20,4,4,5,18,1,4,4,17541183
34135,05/24/2007,IL,2,4,3,5,0,5,4,2,12781635
65490,10/17/2008,FC,5,4,4,4,0,1,4,4.5,15286201
60420,04/21/2007,FC,2,6,4,5,0,1,10,4,13535885
454,05/08/1995,IL,2,5,5,10,4,1,8,7.5,12823062
78842,04/14/2010,FC,5,4,3,5,5,5,8,4,12519761
44152,05/06/2013,IL,1,3,12,10,3,1,4,5,13813652
4956,08/25/2007,FC,4,3,2,5,0,1,10,2,14113973
93057,07/09/2013,FC,3,4,4,4,0,2,4,7.5,14880537
57629,08/14/2009,IL,3,4,12,5,18,2,5,5,11133108
52382,12/28/2011,FC,3,6,3,4,0,4,10,1,12346704
90816,07/04/2009,IL,2,6,4,4,0,10,4,4,11059957
51408,09/06/1997,IL,5,4,3,5,0,1,5,3,14830301
38593,07/14/2007,FC,5,7.5,2,5,0,15,4,5,9762083
69868,05/02/2013,FC,3,6,4,4,18,5,4,3,10289433
8226,12/16/2009,IL,20,3,2,4,0,2,4,4,19910213
9540,02/06/2007,FC,4,6,2,5,0,25,5,5,6584961
71981,04/09/2011,IL,5,3,4,5,3,1,4,5,14169870
20034,08/23/2013,FC,5,6,4,10,18,4,5,3,10157299
2546,06/01/2010,IL,4,4,12,5,0,3,5,2,14860277
40117,11/22/2009,FC,1,4,2,5,3,1,4,4,12784404
92019,12/28/2010,IL,4,4,3,5,3,1,5,7.5,13385102
64073,05/03/2009,FC,20,3,3,5,2,1,4,4.5,20581787
69386,11/08/2013,FC,5,4,4,4,0,1,5,4,14258487
15467,01/04/2014,IL,5,4,3,4,12,4,4,4,12387969
77372,11/08/2013,IL,3,3,3,5,0,2,5,2,13013574
26170,05/03/2013,FC,3,5,12,5,5,3,4,5,13197797
97715,06/07/2013,IL,3,3,2,5,0,1,5,4.5,14188925
17866,11/26/2010,IL,5,5,4,5,0,2,5,3,14030581
76247,07/23/2011,FC,5,4,4,5,0,1,8,5,14961146
98549,08/11/2010,FC,3,4,12,5,0,3,5,5,14964183
90535,03/07/2010,DT,5,4,4,5,3,10,5,3,11528610
81686,10/24/2006,FC,2,4,12,8,0,2,4,7.5,13947539
90006,09/17/2009,FC,5,4,4,4,4,3,4,7.5,13328900
63459,03/01/2008,FC,1,3,12,10,0,3,4,5,13303732
12665,12/18/1998,FC,4,4,4,5,0,5,8,5,12981776
91409,04/08/2010,IL,5,5,3,5,18,4,4,5,10635052
37943,05/01/2009,IL,2,3,3,4,2,2,5,5,12049256
85504,05/01/1997,FC,2,7.5,4,5,0,15,5,5,10028006
44927,04/14/2009,IL,5,4,12,5,0,15,8,5,11383073
88422,12/03/2012,FC,10,6,3,10,0,2,10,5,14217991
8283,08/13/2009,IL,2,4,2,5,0,1,5,4,13894745
1692,01/16/2009,IL,2,4,5,4,0,3,5,2,14067494
89559,09/15/2011,FC,1,4,5,5,0,2,4,3,12817593
79140,10/21/2011,FC,25,3,3,5,0,1,5,4,21525322
66946,10/04/2012,FC,3,5,3,5,4,25,5,4,8396147
45714,06/26/2010,FC,3,4,4,4,4,1,4,5,13227188
15269,05/15/2012,IL,5,4,15,4,0,5,8,5,15003140
73489,01/22/2011,FC,1,5,4,5,0,1,5,3,13257713
80981,11/03/2012,IL,15,4,3,5,0,3,5,5,17194995
77183,11/16/2012,FC,1,4,1,5,0,1,4,6,12301905
38456,06/30/2001,FC,3,6,3,8,3,10,5,4.5,10950996
29651,12/12/2011,FC,25,4,4,10,0,2,4,3,22272867
27240,11/29/2007,FC,5,4,1,8,3,1,10,5,13358074
35478,08/19/2006,FC,5,3,4,5,24,2,8,2,10982076
48964,11/22/2009,FC,2,4,5,5,0,1,5,4,13314757
87402,01/23/2009,FC,15,5,15,5,5,25,5,4,11549290
77378,03/14/2012,IL,4,4,3,4,3,3,10,7.5,12868843
85,09/09/2013,FC,4,4,2,10,0,1,5,5,14309265
86335,10/11/2010,FC,4,3,12,10,4,1,10,5,13832165
74834,04/09/2000,IL,2,4,4,5,0,1,4,5,13404872
10709,07/10/2013,FC,4,4,1,5,0,1,4,4,13797843
70882,05/03/2013,FC,1,4,3,5,0,1,4,4,14182726
43881,07/23/2011,FC,5,6,3,4,0,1,4,5,13604216
95247,05/01/2013,FC,3,5,12,5,0,2,4,5,14062522
35414,10/22/2006,FC,5,3,2,5,0,1,5,2,14895862
32037,12/03/2012,IL,2,4,4,5,0,5,4,2,13367795
69260,11/03/2012,IL,4,7.5,2,5,4,1,5,5,10675418
13737,08/15/2005,FC,2,4,2,8,0,2,5,3,13158807
39803,05/18/1998,FC,3,5,12,4,0,10,5,3,12496770
94902,06/01/2010,FC,5,4,3,5,4,1,5,5,14713250
58809,12/23/2011,FC,3,4,4,5,0,2,5,5,12787499
35854,11/05/2011,FC,5,3,2,10,0,4,5,4,13570028
43133,01/05/2000,IL,1,3,5,4,0,1,5,3,13283355
39712,11/19/2009,IL,4,4,3,5,0,1,5,3,16316151
91637,08/02/2010,IL,5,6,12,4,0,1,5,3,14989217
18236,06/05/2012,FC,25,4,3,4,3,15,5,3,16952040
97529,05/01/2012,FC,5,4,4,5,0,10,5,2,11620321
23252,08/25/2007,FC,2,4,3,5,4,3,8,7.5,12078989
47946,03/06/2013,FC,1,4,5,5,0,5,10,5,12068252
56527,11/22/2012,IL,25,6,3,5,0,1,5,3,22200771
88986,04/28/2012,FC,1,4,4,5,0,3,5,5,12908900
97797,08/08/2013,FC,3,4,4,5,4,3,4,3,12652183
16600,02/07/2007,IL,1,4,6,5,0,2,5,5,12300953
99424,07/16/2012,IL,1,7.5,5,5,0,1,4,3,12687676
59913,04/19/2013,FC,3,4,2,4,0,1,4,5,12844289
26901,05/01/1998,IL,25,4,2,5,18,1,4,7.5,18989971
73457,09/28/2008,FC,4,4,5,5,0,3,5,5,13638732
36506,12/03/2012,IL,1,4,5,5,0,15,5,3,9493990
45086,06/15/2010,FC,3,4,2,5,0,1,8,5,13242165
70031,06/06/2007,IL,3,6,1,5,18,4,4,5,9852346
59984,03/24/2009,FC,2,7.5,3,5,0,2,4,4,12520803
17963,08/14/2009,FC,3,4,4,5,0,15,5,4,10610609
62,11/15/2010,FC,3,4,5,10,0,25,10,3,6835806
74151,12/06/2013,FC,2,4,2,5,0,1,5,6,12745500
14855,08/20/2011,FC,5,5,2,10,2,1,8,3,13811549
45798,08/08/2013,FC,5,4,4,5,0,1,5,5,13727692
55161,07/14/2000,IL,4,4,6,5,3,2,10,5,14128155
20136,12/02/2007,FC,2,6,2,5,4,25,4,2,5782014
98241,09/28/2010,FC,3,4,5,5,5,4,5,7.5,12748894
44719,07/12/2012,FC,25,5,3,5,0,1,5,5,21081314
12925,03/28/2009,IL,3,4,3,4,0,2,5,5,13963805
33365,11/22/2009,IL,3,6,2,5,5,1,5,4,12708213
410,11/22/2012,IL,25,4,4,4,3,4,5,4.5,20615244
41571,02/07/2009,IL,1,6,3,5,3,2,5,5,12501347
9785,08/22/2004,FC,3,6,2,5,0,1,5,4,12771508
54760,12/23/2005,IL,2,4,4,8,3,1,4,6,13817221
34747,04/04/2012,FC,4,4,2,5,0,1,10,3,14291950
42634,02/07/2007,FC,2,5,9,5,3,4,4,5,12398052
66838,01/17/2012,IL,3,4,3,5,0,4,5,5,12845218
69629,07/16/2012,IL,4,4,2,10,0,1,10,1,13664466
85366,06/01/2010,IL,4,4,3,5,18,3,4,4,11884933
77420,08/19/2006,FC,25,4,12,4,4,1,5,5,22440771
25330,01/03/2013,FC,4,4,12,5,30,4,5,3,9982763
18469,05/30/2006,FC,4,5,9,4,0,5,10,4,13540637
17397,07/18/2011,FC,1,7.5,2,5,0,4,5,5,10689423
26549,11/05/2008,IL,1,4,4,5,0,1,10,7.5,12190281
95820,04/09/2000,IL,2,4,2,4,4,1,10,7.5,12464484
4422,06/14/2013,FC,2,4,2,5,0,5,4,4,12149382
79741,03/27/2013,FC,2,5,1,5,5,5,5,4,11495015
65963,09/15/2007,FC,1,4,3,5,0,1,5,5,12959177
79031,12/20/2003,IL,25,6,4,4,5,4,4,6,19553240
41747,09/06/1997,IL,25,4,2,5,4,5,5,2,19444711
34,03/21/2012,FC,5,4,6,4,3,1,4,5,14210197
79021,11/05/2009,IL,5,5,2,10,0,1,5,4,14616728
61273,03/24/2009,FC,1,5,3,4,12,2,5,4.5,10690377
48,09/26/2006,IL,5,4,3,10,0,1,5,1.5,14344013
95562,09/01/2010,FC,2,4,5,4,2,1,4,6,13645303
43702,12/04/2012,IL,3,4,3,5,0,5,5,5,12951242
2870,02/15/2010,IL,25,4,4,4,3,20,8,5,16355749
87220,04/04/2012,FC,2,4,4,5,0,5,4,2,12296861
51269,11/27/2011,IL,4,6,3,5,3,1,5,5,13833513
50822,11/17/1995,IL,1,4,5,5,0,5,5,5,13820831
35638,04/06/1998,IL,1,4,4,5,0,2,4,3,13238916
85576,02/16/2012,FC,1,5,4,4,0,10,10,4,10442012
92313,10/04/2000,FC,5,3,3,5,3,25,4,2,7965970
15988,02/26/2010,FC,5,3,3,5,0,1,5,4,14778720
5823,08/27/1999,FC,4,4,3,5,4,1,5,4,15010540
64326,06/23/2009,FC,3,3,4,5,0,3,4,5,13361776
72527,09/09/2010,FC,5,4,5,5,4,10,4,5,11523033
36982,01/27/2005,FC,1,4,4,4,0,2,5,5,13299649
49326,12/21/2012,FC,1,5,2,5,0,1,4,5,12729534
22200,09/04/2009,FC,3,4,4,5,0,5,5,5,12617692
72298,05/29/2013,IL,3,4,1,5,0,10,4,5,11891370
13099,04/12/2012,IL,4,6,3,5,5,4,8,2,11336066
9854,11/25/2011,FC,2,6,3,5,0,1,8,5,12543040
66158,06/06/2003,FC,5,4,5,5,3,10,4,4,12805445
4086,06/24/2012,FC,4,4,2,4,4,1,4,5,13339515
32016,06/09/2007,FC,2,4,12,5,24,1,5,5,10999965
68927,10/10/2013,IL,1,3,5,5,3,1,5,3,14142563
73811,07/14/2000,IL,1,7.5,2,5,0,3,5,5,11105057
97587,05/15/2012,IL,1,6,2,4,0,1,4,5,12557205
89006,06/01/2009,FC,5,4,2,5,0,5,5,7.5,13106026
31200,07/04/2011,FC,2,5,3,10,0,1,4,2,13132238
82894,11/29/2008,IL,3,6,4,8,4,1,5,5,12909928
23369,11/13/2009,FC,3,4,4,4,0,3,4,3,12872948
3649,09/17/2009,FC,25,5,12,4,0,1,5,2,22023344
6989,09/15/2011,FC,3,4,3,5,0,5,10,5,12867224
47147,11/25/2009,FC,5,4,4,5,5,3,4,4,13015354
37689,06/06/2013,IL,3,4,2,5,0,5,4,4,12096995
58884,01/16/2009,FC,2,5,3,4,3,4,8,3,12351886
99536,05/07/2010,FC,1,4,6,4,3,1,8,3,14783075
30737,03/24/2008,FC,3,6,2,5,0,5,4,3,11819990
57054,03/09/1998,IL,3,6,3,10,0,2,4,5,13621130
47226,07/30/2010,IL,15,4,2,5,0,1,5,6,17671482
55284,04/17/2009,IL,1,4,4,10,0,1,5,2,12688948
72936,12/23/2011,FC,4,4,5,5,3,5,5,5,13097782
83730,12/31/2011,IL,2,5,4,5,3,25,10,5,6239069
21717,04/12/1997,IL,2,6,1,10,0,5,5,3,12402394
34515,03/07/2011,IL,5,4,3,5,18,1,4,7.5,11333190
87936,03/09/1998,IL,3,3,9,5,0,5,5,7.5,14850460
2845,10/18/2012,FC,5,5,2,10,18,25,4,4,5094200
19039,10/15/2011,IL,5,5,2,5,0,3,5,4,11908662
90523,03/18/2011,IL,4,3,3,10,0,1,4,2,15065504
55973,10/23/2004,FC,3,4,5,4,0,1,5,4,13517396
1201,02/16/2012,FC,4,3,4,4,0,3,5,7.5,15571173
23797,03/19/2012,FC,2,4,4,5,0,5,5,5,13866951
78736,05/01/2009,IL,4,7.5,3,5,0,2,8,5,13242290
28330,03/14/2012,IL,1,4,2,5,0,10,5,4,10790911
21899,10/22/2006,FC,5,4,3,5,2,1,4,5,14050562
47724,05/18/1998,IL,2,4,4,8,4,3,5,4,13056206
42065,06/24/2012,FC,3,4,4,5,0,1,5,5,14272881
96590,02/16/2010,FC,1,4,3,4,0,4,5,5,12630058
47107,10/12/2013,FC,2,4,4,5,4,1,5,5,13919524
56018,07/05/1997,FC,3,5,5,5,0,2,6,4,13948072
38290,05/01/1997,IL,5,7.5,2,5,0,25,8,3,7105438
90613,03/07/2010,IL,1,4,4,5,0,1,5,4,13346581
82692,10/11/2010,IL,2,4,2,5,0,1,10,7.5,13031084
80818,09/21/2012,IL,3,4,9,5,3,2,5,2,14261053
17882,12/30/2011,FC,10,7.5,4,5,24,2,5,5,12096892
71788,08/02/2010,FC,15,4,3,4,0,1,5,3,17781020
18330,09/21/2012,IL,2,4,2,4,0,1,5,5,13195282
33907,03/29/2013,FC,1,5,3,5,3,3,5,5,12261461
25666,06/18/2007,FC,5,4,5,4,0,1,4,5,15041363
78959,03/19/2012,IL,5,5,4,5,0,3,5,6,13627660
79709,02/01/2012,FC,4,4,2,5,0,10,4,5,11881681
16190,08/27/1999,FC,5,7.5,4,5,0,1,5,5,13509545
81556,08/07/2013,IL,1,4,6,5,4,4,4,7.5,11601172
66907,05/18/2011,FC,1,5,2,10,4,1,5,4,12185692
61220,02/11/1998,IL,5,4,2,4,0,3,5,2,14923148
43221,07/12/2013,FC,3,4,3,10,0,1,4,4,13638599
59254,04/17/2009,FC,5,4,4,5,3,5,4,5,13724839
32152,10/28/2008,IL,5,6,3,5,0,4,5,5,13267344
93051,12/11/2012,IL,3,4,3,5,3,1,5,5,14084538
15974,06/08/2000,FC,5,4,4,10,0,5,8,5,13348190
71412,01/18/2013,IL,1,4,5,5,3,3,5,4,12173059
8265,01/17/2012,IL,2,2,4,5,0,15,4,5,9842366
99585,05/01/2009,FC,3,7.5,2,4,3,2,4,3,12687202
81947,03/05/2012,FC,2,3,2,5,0,4,4,5,12570358
17274,04/03/2010,FC,5,4,3,4,4,25,4,5,7595624
28096,10/26/2009,IL,3,4,4,5,0,1,5,5,13065855
33668,07/20/2007,FC,2,3,4,5,4,5,4,5,11504699
40944,08/06/2009,FC,5,4,3,4,12,3,5,5,12650052
82896,07/18/2011,FC,4,3,2,5,0,1,4,3,14037798
21446,04/09/2011,IL,10,6,3,4,3,4,4,5,15719809
77377,07/30/2010,FC,3,7.5,4,5,4,25,4,4,6609825
66811,05/01/1998,FC,3,4,4,5,0,1,10,5,14266779
49240,09/26/2009,FC,3,4,2,4,24,1,8,5,10090399
33506,12/06/2013,IL,3,5,4,10,0,3,4,2,13060499
88849,07/20/2007,FC,2,4,5,5,0,1,4,4,14414618
1237,02/29/2012,FC,1,6,2,5,4,1,5,4,12001204
222,05/30/2006,FC,2,5,1,5,0,5,4,5,12357470
94363,03/17/2007,IL,5,4,5,4,0,10,4,5,12455559
32029,09/26/2003,FC,2,4,5,5,0,1,4,5,13940869
29851,10/18/2012,IL,5,6,2,5,0,1,4,5,15156697
20644,10/24/2006,FC,1,5,3,8,0,1,4,4,13865769
68749,09/19/2009,FC,2,3,3,5,0,5,4,4,12659558
60395,04/17/2009,FC,3,4,2,4,3,1,4,5,13451745
5558,02/19/2010,FC,1,4,2,5,0,1,5,7.5,13651666
48008,10/04/2012,FC,5,6,3,4,3,25,5,6,6679619
2022,12/20/2003,IL,4,4,4,5,4,1,4,6,14390827
80653,05/01/2009,IL,5,4,4,5,18,1,4,5,12484295
44140,06/13/2009,FC,25,6,4,5,0,2,8,3,20308251
48612,02/19/2004,FC,20,4,2,5,0,1,5,7.5,19865540
18107,10/11/2010,IL,3,4,4,5,2,2,8,3,13871516
4181,02/26/2011,IL,4,5,4,4,0,5,10,4.5,13254007
50092,02/21/2013,FC,2,6,12,4,0,1,4,2,14347892
74733,11/22/2012,IL,3,5,9,5,0,1,8,3,14961104
23547,04/22/2010,IL,5,4,6,4,0,1,5,6,14636635
41526,10/22/2006,IL,10,5,3,5,3,2,5,5,15913196
6391,10/05/2010,IL,5,5,2,10,0,1,5,5,14630979
5193,08/26/2000,IL,15,4,4,10,0,1,4,3,18233875
82617,04/19/2013,FC,2,6,4,5,0,1,4,5,11577952
18595,10/14/2013,IL,1,5,2,4,0,1,5,3,13189777
61396,07/05/1997,FC,4,3,12,4,0,1,5,5,14563634
44877,05/16/2008,FC,1,4,2,5,0,1,5,2,13717018
11861,12/02/2007,FC,1,4,9,4,0,5,4,7.5,12474947
53472,11/05/2008,IL,1,7.5,2,5,0,1,10,5,12775696
78102,10/18/2012,FC,15,4,4,4,0,1,5,3,18759134
67448,02/16/2012,FC,5,4,4,5,3,1,8,5,14688509
14520,02/26/1998,IL,20,4,12,5,0,1,5,7.5,20070453
89990,01/01/2000,IL,3,4,4,5,4,1,4,3,13548571
6794,05/24/2007,IL,4,3,2,10,0,1,4,3,14019649
27829,07/09/2013,IL,1,4,4,4,0,3,10,3,12525869
59242,03/17/2007,IL,25,4,3,5,0,2,5,5,21898429
92126,11/05/2011,IL,2,4,12,5,0,1,10,4,14773233
74472,09/28/2010,IL,4,4,3,5,1,1,10,7.5,13954437
33167,09/14/2009,IL,1,4,4,4,0,2,10,4,12761355
85770,10/06/2007,FC,3,4,4,5,3,1,8,5,17476119
83463,11/21/1999,FC,5,4,9,5,0,4,4,2,13269295
5579,09/03/2010,FC,1,4,3,5,5,1,4,3,12933304
82046,10/14/2013,FC,2,4,5,5,3,1,4,5,13597033
1283,11/03/2012,IL,5,4,4,8,18,1,5,5,10222391
14152,02/19/2004,FC,1,4,2,4,0,1,5,3,12853405
46506,03/31/2011,FC,2,5,12,5,0,1,5,5,14088516
57275,01/22/2013,FC,2,6,4,5,0,1,8,3,13950047
52671,04/04/2012,FC,3,7.5,2,5,3,1,5,4,12476381
91295,02/15/2010,DT,25,7.5,4,5,3,3,5,5,19694968
18813,08/25/2006,FC,3,4,12,5,0,2,4,4,15584929
6062,07/23/2011,FC,10,6,3,5,0,5,5,4,14417830
92680,02/26/1998,IL,1,4,1,5,0,1,4,4,12745896
97917,08/01/2010,FC,3,6,12,5,0,5,4,4.5,13191403
20170,11/25/2008,IL,5,4,4,5,0,5,5,5,12637981
74727,06/06/2003,FC,5,4,1,5,0,1,5,7.5,14527978
95263,02/16/2007,FC,4,4,1,5,0,5,4,4,12650149
41958,09/09/2005,IL,3,4,4,5,24,3,4,5,10232857
49061,03/24/2008,FC,1,4,2,4,24,3,4,5,8976873
67573,06/07/2013,FC,1,3,9,4,0,1,5,3,13503503
66370,03/16/2006,IL,25,4,2,8,0,4,5,3,20968875
77123,10/25/2013,FC,5,3,1,5,4,1,8,5,14070543
3056,12/16/2009,IL,3,5,2,5,3,3,5,4,12462143
97466,12/08/2012,FC,5,3,1,5,0,3,5,4,14208428
91790,02/09/2000,FC,1,6,2,5,4,1,5,3,12041162
53631,03/17/2007,IL,4,4,12,5,4,1,5,4,14722338
46757,01/15/2013,FC,5,4,4,5,5,1,4,5,14083772
43205,09/15/2007,FC,1,6,3,5,0,1,10,5,12686151
34204,02/15/2010,IL,2,4,1,5,0,1,5,3,13101998
17909,03/30/2002,FC,25,4,3,5,0,2,4,5,21867105
1269,09/21/2012,FC,2,4,6,5,3,1,5,4,14569616
99342,12/04/1999,FC,4,4,12,10,0,2,5,3,14877037
18177,03/19/2012,FC,5,6,6,5,3,2,5,4,13982496
96803,04/01/2000,FC,2,5,15,4,0,2,4,4,14135927
40873,04/04/2012,FC,5,4,3,4,2,10,4,5,10865105
985,08/15/2005,IL,3,4,4,5,5,1,5,3,12792690
34998,10/23/2004,FC,1,3,3,5,3,1,5,5,12680556
22254,02/11/1998,IL,2,4,2,4,0,1,4,5,13208161
62542,04/28/2012,IL,10,4,2,5,0,1,5,3,15919183
43738,09/09/2010,IL,4,4,2,10,0,2,4,5,13611082
91852,11/27/2008,FC,20,4,1,8,24,1,4,5,16236985
83668,11/19/2009,IL,4,4,3,8,0,10,10,4,11080620
32006,06/08/2000,FC,5,4,4,10,0,5,5,3,13353186
60413,05/06/2013,IL,4,5,2,4,4,1,5,2,13583073
69557,07/30/2010,IL,1,4,1,5,4,2,10,2,12368953
13731,02/07/2007,FC,3,3,3,5,4,5,5,4,12156072
48209,07/10/2013,IL,5,4,3,5,0,1,8,5,14884069
22358,10/10/2011,IL,2,4,5,8,4,3,4,3,12678777
16722,07/10/2013,FC,25,7.5,4,5,0,1,5,4,21231628
79223,06/05/1999,FC,2,4,2,5,0,5,4,5,12208028
18973,09/26/2003,FC,4,5,4,10,0,3,5,3,13419844
81535,09/26/2003,IL,3,5,3,4,4,5,5,5,11870573
32324,06/04/1996,IL,15,3,3,5,18,2,4,4,15205471
78851,07/18/2011,FC,5,5,4,5,0,1,5,5,15387610
73521,04/03/2010,FC,4,4,4,4,0,15,5,4,10221266
77727,02/26/1998,FC,3,6,1,5,4,3,8,1,12562873
95938,07/22/2010,IL,10,4,12,5,0,5,4,4,15346285
64366,12/21/2012,FC,1,4,2,4,0,1,4,5,12839386
11614,03/18/2011,IL,1,4,2,4,12,1,4,5,11714207
74874,09/09/2010,FC,3,4,3,10,4,5,4,7.5,12017706
64988,10/17/1995,FC,5,4,3,5,0,1,8,5,13798839
51470,03/05/2012,FC,1,4,5,4,0,1,4,5,13856336
68095,03/05/1996,IL,2,5,2,5,0,2,5,5,13295924
19551,05/12/2013,IL,20,5,3,5,5,1,10,5,18339922
96085,12/23/2011,FC,3,4,2,5,0,5,5,3,12430318
43016,12/07/2008,IL,4,4,3,5,0,1,5,5,14403687
88805,10/06/2007,FC,5,6,12,5,0,1,4,4,15366965
26906,09/09/2010,FC,1,4,4,5,0,2,8,5,13305676
99033,04/12/1997,FC,20,5,3,4,0,1,8,5,19740068
27931,07/20/2007,IL,2,5,4,4,3,5,5,7.5,9615118
59410,06/24/2012,FC,1,4,5,4,5,2,4,3,10478156
76761,10/12/2013,FC,2,4,4,4,0,2,4,5,13497985
85677,12/28/2011,IL,5,4,3,5,4,1,5,5,14187696
94281,11/21/1999,FC,5,4,4,5,0,2,4,5,14861953
22537,05/01/2012,FC,1,3,4,5,0,5,5,5,12486379
33804,04/14/2010,IL,5,4,3,5,0,2,4,5,14389863
621,08/01/2000,FC,20,4,3,5,5,1,4,5,18402370
93048,05/15/2012,IL,2,6,1,5,3,25,5,4,7765594
41216,09/23/2008,FC,4,6,6,5,0,1,4,6,13166533
25802,09/14/2009,IL,1,5,5,10,4,4,10,3,11608411
93736,09/10/1998,DT,2,4,4,5,0,5,4,3,13394712
73081,11/27/2008,FC,5,6,4,5,3,1,10,4,14419264
7882,01/05/2000,IL,1,4,4,8,2,5,10,3,12095250
62977,09/08/2010,IL,5,3,6,5,24,2,5,5,11710375
12518,08/02/1995,FC,20,6,4,5,0,1,5,2,19312493
87210,12/20/1997,IL,2,4,4,5,3,2,5,3,12220695
71878,07/23/2011,FC,3,4,2,5,24,1,5,5,10398518
34295,07/22/2010,IL,15,5,4,5,0,2,5,4,17099030
56155,11/19/2009,IL,3,4,2,5,4,3,5,1,12860916
32665,04/09/2011,FC,3,4,4,8,3,5,4,4,12919338
12116,12/07/2008,IL,3,5,3,4,0,2,10,5,13742205
3687,11/27/2011,IL,25,4,5,5,0,5,5,6,19805917
5736,03/01/2008,FC,5,6,2,5,2,25,5,3,7497089
53710,02/16/2007,FC,3,4,6,5,0,5,4,4,10694936
71336,01/16/1999,FC,2,3,4,5,0,5,5,5,12625687
88184,03/24/2008,FC,5,6,12,5,2,4,4,5,14046726
9011,10/28/2008,IL,2,5,4,5,4,1,4,7.5,12685596
53860,03/24/2008,FC,3,3,3,5,0,3,4,3,12920954
11763,06/28/2012,FC,5,4,3,10,0,1,10,7.5,14363170
36654,05/06/2013,IL,5,7.5,4,10,0,2,10,5,13654729
52039,09/28/2010,FC,2,4,3,10,0,3,10,5,12935615
70470,09/23/2008,FC,20,5,2,4,0,5,5,4,18163705
51485,06/13/2009,FC,5,4,5,5,5,2,5,6,13599486
56081,06/23/2009,FC,5,5,2,5,0,25,5,5,7836847
44138,06/17/2010,IL,2,5,5,5,0,5,5,5,12250522
78121,04/04/2008,FC,15,4,4,5,3,2,8,5,17170626
37509,06/23/2009,IL,2,4,3,5,0,1,5,3,13316840
11867,11/25/2011,FC,1,4,3,5,5,5,4,5,11152876
25092,12/23/2005,IL,5,4,4,4,4,2,5,5,13260600
80711,01/14/2011,FC,3,3,4,5,0,2,4,3,14027866
23165,04/17/2009,FC,5,5,1,4,0,5,5,5,13397726
79468,04/22/2010,FC,5,4.5,1,4,0,3,5,3,13478590
44936,10/29/2007,FC,3,4,2,4,0,1,5,4,13539094
31594,04/22/2008,FC,10,6,9,4,4,5,5,5,16118396
73569,05/01/2009,FC,20,7.5,2,5,0,1,5,2,20189097
35967,02/16/2012,FC,3,4,2,5,0,5,4,3,13123871
22276,06/06/2003,FC,3,5,3,4,0,4,5,4,12692839
85739,07/17/2009,IL,3,4,12,5,0,2,8,4,14818115
1880,11/27/2008,FC,3,4,12,10,3,1,5,7.5,14489046
91978,11/27/2008,FC,5,4,2,5,18,2,5,3,11469844
78688,04/03/2010,FC,3,3,12,4,3,5,5,3,12924156
18555,04/06/1998,FC,2,3,2,5,0,25,5,5,6726984
58486,09/23/2008,FC,1,4,3,5,0,3,10,3,12757506
34643,05/16/2008,FC,3,4,1,5,0,1,5,5,13785893
56703,11/05/2008,IL,5,4,4,10,0,1,5,5,14451336
38587,08/02/2010,IL,25,5,5,10,4,5,5,4,19597812
86399,04/17/2009,FC,3,4,12,5,0,1,5,4,14352753
70115,03/06/2013,FC,3,4,5,5,3,4,5,3,12523874
53984,08/01/2008,FC,3,3,3,5,0,1,4,4,13656067
19085,07/10/2013,FC,4,4,2,4,2,5,5,5,12776606
18651,05/01/2012,FC,3,4,3,4,4,15,5,3,10162485
8015,01/18/2013,FC,5,3,12,10,0,1,4,5,15755305
16851,09/14/2009,FC,2,4,5,4,4,2,4,4,13213609
37954,02/16/2007,FC,5,3,5,5,5,2,8,5,13720695
68674,09/15/2006,FC,1,4,3,8,0,1,5,2,13317820
34410,03/16/2007,FC,2,4,4,5,0,2,4,4,13707947
92881,12/02/2008,FC,3,7.5,6,5,0,2,5,4,12365130
56418,08/19/2006,FC,5,4,4,5,0,1,10,5,14774283
55594,09/14/2009,IL,1,5,4,5,4,1,4,3,12354885
8718,02/06/2007,FC,3,6,4,4,3,1,5,6,13579295
72768,08/22/2004,FC,2,4,3,10,0,1,4,5,11118362
7467,12/28/2011,IL,5,4,5,10,0,2,8,5,14105114
84661,05/12/2013,FC,4,4,6,5,0,5,5,4,12789522
67561,09/03/2010,FC,2,4,3,4,0,1,4,3,11416234
26177,10/30/2013,FC,5,3,5,5,3,2,5,5,14807632
79051,11/27/2008,FC,5,6,3,10,0,1,5,1,14577417
18520,09/06/1997,IL,4,4,4,5,0,5,10,5,10833051
42041,09/26/2006,IL,1,6,2,4,0,3,5,2,11479211
40709,12/03/2013,FC,1,4,5,5,0,2,4,4,12705036
96420,06/24/2011,IL,2,3,6,5,0,1,4,5,15487662
28163,03/15/2011,IL,5,3,3,5,0,1,8,5,14475438
81986,03/28/2009,IL,4,4,2,4,0,1,5,3,13856470
58706,03/07/2010,IL,4,5,2,5,0,4,5,5,15018754
64645,11/26/2010,DT,20,4,3,5,0,1,4,5,20013570
15975,04/06/1998,DT,2,4,2,5,18,1,4,5,10385134
88173,10/15/2011,IL,2,4,2,5,0,2,5,5,11291318
79936,04/12/2013,IL,5,4,2,5,0,3,4,7.5,15246963
71751,08/06/2009,IL,4,6,3,4,0,15,5,4,9415148
7330,06/18/2007,FC,5,4,3,5,0,4,5,3,14693168
19182,08/22/2004,FC,3,4,5,5,0,2,4,5,12725228
77132,03/27/2013,FC,2,4,4,5,0,1,4,5,13048488
22541,10/05/2010,IL,4,4,3,5,0,2,8,7.5,13188452
9657,10/14/2013,FC,1,5,4,8,0,1,5,2,12593796
1458,03/16/2006,FC,2,4,3,5,0,2,5,7.5,12517417
38539,03/01/2008,FC,5,5,4,5,4,2,5,5,13160127
51829,10/10/2011,FC,2,5,3,5,0,3,8,2,12595081
18703,06/15/2010,FC,5,4,4,5,0,2,8,7.5,14662404
69,08/01/2000,IL,5,5,2,10,0,3,4,4,14066010
28787,05/06/2013,IL,1,5,5,5,3,1,8,3,12957978
57387,06/13/2009,IL,1,6,3,10,0,1,5,3,12684717
13102,10/05/2010,FC,5,4,2,5,3,25,4,3,7227508
38139,05/29/2013,DT,2,4,5,5,3,1,10,4,13795114
38278,07/04/2011,IL,20,4,3,5,0,1,8,7.5,19820421
37779,09/08/2010,FC,3,4,2,5,0,1,5,5,13031818
51600,09/23/2008,FC,1,6,2,5,3,4,5,5,10841854
21144,09/17/2009,FC,5,4,4,5,24,5,4,4,10066294
30691,10/04/2000,FC,3,4,4,5,3,2,4,3,13474374
24484,01/05/2000,FC,10,3,4,10,0,15,4,5,12448222
60990,09/13/1999,FC,2,4,3,5,0,2,4,5,13045626
57436,05/01/2012,FC,20,5,9,5,0,25,4,5,13015137
36546,11/05/2011,FC,2,7.5,4,5,4,4,4,5,11709857
77017,07/15/2011,IL,3,4,4,5,3,1,5,3,13333067
66010,07/22/2010,IL,1,4,3,5,0,4,4,1.5,12661740
96036,08/13/2009,FC,2,4,4,5,0,1,5,5,14493055
71908,02/06/2007,FC,4,3,2,5,3,3,10,4,12592227
95015,07/10/2013,IL,3,4,9,5,0,4,4,5,13435951
76231,09/09/2010,FC,4,4,4,5,0,5,5,2,14120165
31869,12/23/2012,IL,10,4,3,10,0,10,5,2,13621500
71075,09/20/2013,FC,3,3,3,5,0,2,8,5,13676891
62793,11/22/2009,FC,2,7.5,3,10,0,25,5,4.5,5504411
54850,12/02/2007,IL,5,4,12,5,0,5,5,5,14655638
57034,11/05/2008,IL,10,5,6,5,0,3,8,4,15926621
64092,09/13/2006,FC,1,4,6,5,0,1,5,2,14500852
37106,04/09/2011,FC,3,3,3,5,18,20,5,3,6808091
7679,02/29/2012,FC,2,4,2,5,0,1,5,2,13523951
59994,10/06/2010,FC,1,4,2,5,0,5,5,5,11393323
29261,12/28/2011,IL,2,4,2,5,4,2,8,5,12360474
64062,12/31/2011,IL,2,4,4,8,0,5,4,3,11751445
39846,08/13/2009,FC,1,4,2,4,0,5,4,5,11482463
11577,06/07/2013,IL,5,5,5,4,3,1,5,5,14518696
54963,10/06/2007,IL,20,4,2,8,0,3,10,3,19359576
97160,08/23/2013,FC,4,4,4,5,0,2,5,3,13811993
74311,10/15/2012,FC,5,4,4,10,4,5,5,4,12268276
39732,08/02/2010,FC,5,5,2,5,3,2,5,5,13966964
80690,05/24/2007,IL,3,3,2,5,0,1,5,4,14713628
89439,05/04/2012,IL,20,4,12,5,12,1,10,4,18768399
46795,01/15/2013,FC,1,4,2,5,0,10,4,5,10057182
65761,10/18/2012,FC,5,3,2,5,3,2,4,3,13669423
46536,10/04/2000,FC,4,5,4,5,4,1,5,7.5,14293444
88995,08/14/2009,FC,25,6,3,8,4,1,4,4,20374145
9601,07/15/2013,IL,1,4,2,4,0,5,4,5,11588595
91117,06/14/2013,FC,1,4,6,5,0,1,5,4,13684612
41095,03/27/2013,FC,10,6,4,5,0,5,8,4,15694858
34854,07/18/2011,FC,25,4,5,5,0,4,10,3,22643324
31158,05/02/2013,FC,5,4,2,4,0,5,5,5,13208412
52879,05/08/1995,IL,5,3,6,5,3,20,5,3,8633375
52972,01/26/2012,IL,4,5,4,5,3,3,5,5,12652946
13757,12/18/1998,IL,5,4,12,5,0,3,8,4,14734189
50312,09/01/2010,FC,5,4,4,4,0,2,4,5,13798900
24115,09/06/1996,IL,1,4,12,5,0,1,5,4.5,13865566
25779,09/09/2013,FC,3,7.5,2,4,0,1,5,5,13568640
71678,03/14/2012,IL,4,4,5,5,0,1,4,2,14222275
7781,01/05/2000,FC,1,4,6,5,0,1,5,5,13292649
11702,06/01/2012,FC,20,4,4,4,0,1,8,5,19630480
30179,03/24/2009,FC,5,3,4,5,0,3,5,5,14007769
55182,08/20/2004,FC,1,4,2,8,0,3,4,5,11766115
11686,12/12/2011,FC,5,4,3,5,0,1,4,5,13478175
19770,11/22/2009,FC,2,4,2,4,0,3,5,6,12708724
37493,07/07/2010,IL,1,4,4,5,0,5,5,7.5,11957015
31568,04/19/2013,IL,5,6,2,5,12,2,4,5,14065392
70352,08/05/2011,FC,5,4,4,5,0,1,4,4,14796741
21819,03/05/1996,IL,1,4,4,10,0,2,5,5,12605659
75342,12/07/2004,FC,5,4,3,5,0,1,5,5,13978151
92715,01/26/2012,IL,5,5,2,4,0,1,5,5,14411805
58931,04/08/2010,FC,2,5,4,5,12,2,5,3,10887858
69792,03/16/2007,FC,5,5,4,5,3,1,10,3,14277492
35538,04/12/2012,FC,3,4,3,5,3,4,4,4,12387207
88231,04/08/2010,FC,2,4,2,5,24,1,5,5,9563496
74592,11/21/1999,FC,4,4,3,5,0,5,4,3,13206341
69166,09/06/1997,IL,3,2,3,10,0,3,4,5,13389479
32314,12/07/2008,IL,1,4,12,5,0,1,4,5,13874842
45107,07/09/2013,IL,4,3,2,5,5,3,4,3,12762854
84212,02/16/2007,FC,5,6,4,5,6,1,4,5,13684946
96246,03/28/2009,FC,2,5,4,5,0,1,5,5,13055693
16582,03/14/2012,IL,3,5,4,5,0,3,5,4,12347989
50374,02/15/2010,IL,1,4.5,2,5,0,25,4,5,6811879
75564,07/28/2000,IL,2,4,5,5,0,1,4,2,13508458
91483,08/11/2010,FC,3,5,3,10,4,1,4,7.5,12967047
74134,03/18/2011,IL,5,4,4,5,18,1,10,5,12320119
73003,11/29/2007,FC,5,4,2,5,0,4,5,5,14955190
92627,12/07/2008,IL,4,5,2,5,0,3,4,5,13617869
18299,10/06/2010,IL,15,4,12,4,0,1,4,2,19112816
44338,12/07/2008,FC,1,4,4,5,0,4,10,6,11727315
42966,01/26/2012,IL,5,4,5,10,3,1,5,4,14121647
93370,02/07/2007,FC,4,4,3,5,0,4,5,3,14191628
25589,10/06/2010,IL,3,4,1,5,0,4,5,6,13225935
36592,10/11/2010,IL,3,4,2,5,12,1,4,4.5,12288645
78600,03/19/2012,IL,1,4,5,5,18,3,4,5,10648760
79818,07/16/2012,FC,20,4,6,4,5,1,5,7.5,18430476
59386,12/07/2008,IL,2,4,2,10,4,2,5,5,12901825
88160,04/17/2009,FC,1,4,3,10,0,1,4,4.5,12594263
5422,11/05/2009,IL,3,5,4,4,0,4,5,6,13552433
24875,10/28/2008,IL,2,4,12,10,0,5,10,5,12776572
78435,03/28/2009,FC,5,3,3,10,2,2,4,6,13932527
699,03/27/2013,FC,15,4,4,5,0,2,4,3,20155996
38315,11/13/2013,IL,3,4,3,5,4,1,5,3,13085550
20816,11/21/1999,FC,5,4,2,4,3,4,5,4,12994649
51689,03/19/2012,IL,5,7.5,3,5,0,1,5,7.5,13853941
76972,10/06/2010,FC,25,3,5,5,3,10,5,4,20620148
66999,11/26/2009,IL,5,6,4,10,4,3,5,3,13366826
49880,09/26/2006,IL,10,4,2,4,0,1,4,5,17147146
74072,03/18/2007,IL,2,4,3,5,0,3,10,5,13276245
94752,11/05/2009,FC,4,7.5,4,4,3,3,4,5,12664974
39591,04/21/2007,FC,5,4,4,5,12,1,4,3,12787079
42216,05/06/2013,IL,3,4,4,5,0,3,4,3,13626617
89724,03/01/2008,FC,1,4,4,4,0,5,4,3,11871829
53506,08/26/2000,DT,5,4,4,10,0,1,4,5,14778294
64080,12/23/2005,IL,3,4,2,5,0,1,4,7.5,13711611
40144,12/28/2011,FC,25,2,4,5,0,25,5,2,15100796
11666,01/22/2011,FC,1,4,3,5,0,5,10,7.5,11000786
48168,01/03/2013,FC,1,6,4,5,0,1,5,7.5,12289443
18749,05/04/2012,IL,3,4,3,4,0,5,4,3,13041996
42581,10/29/2007,FC,5,4,2,5,4,15,5,5,9840737
61747,07/04/2008,FC,2,5,4,4,0,2,5,5,13366216
64571,09/17/2009,FC,4,4,2,5,0,3,4,2,13348835
72368,11/22/2012,IL,3,6,4,5,4,3,5,5,12372420
2285,10/04/2000,IL,3,7.5,3,5,0,1,8,5,12324576
83083,05/16/2008,FC,2,5,4,10,0,2,4,5,12994087
63256,05/30/2006,FC,1,4,3,4,0,15,10,2,8763585
12981,11/16/2012,FC,25,4,3,4,0,1,5,5,21198744
87347,08/11/2010,IL,2,4,3,5,0,1,5,3,12442480
52746,12/21/2012,FC,4,4,4,5,0,5,4,5,13002138
19675,12/28/2011,FC,2,7.5,12,5,0,4,10,3,12484985
75974,07/20/2007,FC,2,4,3,5,0,5,5,4,12516313
52953,09/26/2009,FC,5,7.5,3,5,0,1,4,5,14366653
89955,10/23/2004,FC,3,4,5,5,0,4,4,3,13000054
14583,07/04/2011,FC,20,3,4,4,0,5,5,5,18620805
4457,09/17/2009,FC,5,7.5,2,5,0,1,10,5,14060708
12758,05/01/1998,FC,2,4,4,4,3,1,4,5,12101255
22836,05/02/2008,FC,1,4,2,4,0,2,5,4,13096969
97678,05/30/2006,IL,5,3,12,4,0,1,8,5,16212406
74776,03/16/2006,IL,5,3,12,5,18,1,5,4,12056226
10416,04/17/2009,DT,4,7.5,2,4,0,4,5,5,12631749
75446,02/15/2010,FC,5,5,3,4,0,5,5,3,13105262
26624,09/04/2009,IL,20,4,4,4,0,3,5,4,19455227
73646,02/07/2007,FC,4,4,12,5,0,2,4,5,15892655
59224,01/22/2011,IL,3,6,4,5,0,5,5,5,13613629
41354,04/08/2010,FC,25,6,12,5,3,5,4,4,21307143
89336,09/20/2013,FC,1,3,4,5,0,1,5,7.5,12346467
74765,03/05/1996,FC,5,4,3,5,0,1,4,5,14490728
65980,03/18/2007,IL,3,5,5,4,0,2,5,7.5,11277096
1034,08/15/2005,FC,2,5,3,10,5,1,5,6,11616575
33010,01/07/2011,IL,2,3,4,10,1,2,4,3,13527242
48665,03/02/1998,FC,2,6,3,4,0,1,4,2,13050009
55421,04/06/1998,FC,25,4,12,5,5,1,10,7.5,21978232
33087,04/04/2012,FC,1,4.5,2,10,0,1,8,2,12789133
94390,06/01/2012,FC,1,5,12,8,0,1,4,5,14647887
21162,09/03/2010,FC,2,5,3,5,0,1,8,5,13163175
89652,05/01/1998,FC,3,3,3,10,0,5,4,5,11425066
64026,11/03/2012,FC,3,5,5,5,3,5,5,1,12212187
79318,08/22/2004,FC,25,4,3,5,0,10,8,5,18303430
73226,01/18/2013,IL,5,6,2,10,0,20,5,3,9928510
28123,02/26/1998,IL,5,4,12,5,0,1,5,5,15593153
98277,12/23/2011,FC,3,4,4,10,0,3,4,5,13462242
83645,03/28/2009,IL,1,4,2,4,0,3,5,4,12287538
31070,06/01/2012,IL,4,3,2,5,0,5,5,5,12934842
5132,02/15/2010,IL,4,4,12,5,3,3,5,5,13944394
63325,09/15/2007,FC,5,4,2,10,4,1,5,5,13538699
59846,12/28/2011,IL,5,4,2,5,0,3,5,7.5,14093540
40493,10/17/2008,FC,5,4,4,5,0,3,5,3,14091147
98571,05/08/1995,IL,1,4,3,10,0,1,5,2,11668962
17642,06/15/2010,IL,5,4,2,5,0,1,8,7.5,15063656
919,07/04/2008,FC,25,3,3,5,4,3,5,5,20605464
39985,07/04/2011,FC,1,4,2,5,0,5,4,5,12471135
26459,07/16/2012,IL,5,4,2,5,0,1,4,3,14239482
71373,12/23/2005,IL,3,2,12,10,0,1,5,5,13969219
53224,02/01/2011,FC,2,4,5,5,0,5,5,4,12089920
28911,05/01/2009,FC,5,4,3,5,4,3,5,5,12369316
27070,07/31/2013,IL,3,6,4,5,4,10,8,3,13054865
57704,02/01/2012,IL,3,4,3,10,0,1,5,5,14343630
48020,02/09/2000,DT,5,4,4,5,0,5,5,7.5,13312982
43285,08/18/2012,IL,3,4,4,4,5,1,5,2,12530555
66750,07/15/2013,IL,5,4,3,4,24,1,5,5,11542345
57333,06/13/2009,IL,1,7.5,3,5,0,1,5,5,12784475
78949,05/02/2013,FC,4,3,6,5,0,1,5,4,14466939
13337,08/22/2004,FC,2,4,3,5,0,25,5,4,6683315
83538,09/07/2010,FC,2,4,5,4,0,3,5,2,14265361
50950,12/20/1997,IL,2,4,4,5,0,15,4,3,9619689
22362,08/02/1995,IL,5,4,2,5,18,2,10,4.5,12355257
73968,09/07/2010,FC,3,5,2,5,0,1,5,5,13403488
32648,06/13/2009,IL,1,4,6,8,4,10,10,5,12303179
53849,09/23/2008,FC,2,4,3,5,4,1,10,4,13881533
92700,08/15/2005,FC,15,4,4,5,4,25,5,2,11750930
40005,03/19/2009,FC,5,4,12,10,0,1,8,5,15289178
12760,09/17/2009,FC,25,4,2,5,4,1,4,7.5,20203466
70873,09/04/2009,IL,1,4,4,5,0,4,4,5,12731313
82942,08/27/1999,FC,2,4,2,5,0,3,5,5,12086888
47271,03/05/2012,FC,1,4,4,5,0,2,4,5,11928265
89358,10/23/2004,IL,3,7.5,4,5,0,10,4,4,12346252
48627,03/09/1998,IL,4,3,2,5,0,3,5,7.5,14123485
10912,11/29/2007,IL,4,4,2,4,0,4,5,4,12623543
20374,11/04/2011,FC,3,4,12,5,3,5,4,5,13472128
66468,05/06/2013,FC,5,4,3,5,0,4,4,3,13497234
55590,03/06/2009,FC,1,4,2,4,0,1,4,5,13264523
41572,10/04/2013,IL,3,5,5,5,2,2,4,1,13162242
62082,03/27/2013,FC,4,4,3,4,0,5,8,5,12540745
6363,02/19/2010,FC,5,4,5,5,12,5,4,5,11790037
24865,08/15/2005,IL,10,4,3,5,0,1,4,5,16029333
40149,03/03/2012,IL,4,3,3,5,3,25,5,2,7122593
42856,11/26/2010,IL,25,4,3,8,5,1,4,4,20931074
33928,05/01/2012,IL,5,4,3,5,0,10,5,4,12807214
18294,12/18/1998,FC,4,4,2,4,3,1,5,2,13999774
63356,08/27/1999,FC,2,4,5,5,4,2,5,4,13084096
50461,08/02/2010,IL,4,4,5,4,3,1,5,5,15899374
42786,08/08/2013,FC,5,5,9,5,18,3,5,4,11778031
41866,06/14/2013,FC,1,7.5,2,5,0,1,10,5,12361180
17443,03/01/2008,FC,3,5,2,4,0,5,5,4,12122832
52901,10/06/2006,FC,2,3,3,4,4,1,5,5,14132722
32498,08/18/2012,FC,2,4,3,5,0,5,10,5,12532798
69984,08/11/2010,DT,3,4,5,4,0,2,5,5,13595368
29623,11/26/2009,IL,2,4,6,5,0,4,5,6,13284043
87013,12/11/2012,IL,2,6,12,5,0,5,4,5,12841591
2868,11/17/2009,FC,2,5,4,5,4,3,4,4,12710760
48125,12/23/2011,FC,5,4,3,5,0,1,5,3,15855047
52,11/12/2013,FC,3,4,4,4,0,2,5,5,13473457
78131,10/21/2011,FC,25,5,4,5,4,1,4,4,21326416
24353,06/16/2012,FC,3,3,12,5,4,1,4,4,14568274
24309,09/26/2006,IL,4,4,9,10,0,1,5,4,15644046
8664,07/12/2012,FC,3,5,5,4,0,5,5,5,12439906
43356,11/05/2009,IL,2,4,2,5,1,4,5,2,14811470
81402,12/04/1999,FC,2,5,1,4,0,5,4,5,11825646
34350,07/30/2010,IL,3,5,2,4,18,1,4,3,11119937
31261,11/21/2009,IL,4,6,4,5,0,5,5,2,13250287
32264,06/13/2009,IL,3,4,4,5,5,1,5,5,13443334
86582,04/21/2007,FC,4,5,2,8,0,1,4,5,14347214
17263,08/05/2011,FC,3,7.5,12,5,4,1,4,3,13517489
19603,06/26/2010,FC,5,3,3,10,0,1,10,5,14456192
13805,04/18/2006,IL,1,5,5,5,0,1,5,4,13031381
1859,09/10/1998,DT,2,4,3,10,5,1,4,4.5,12613761
46623,04/04/2008,IL,5,4,2,4,4,1,8,4,14503309
57670,09/28/2010,FC,3,4,3,5,3,5,5,5,11933299
92128,09/21/2012,FC,5,5,2,10,0,5,10,4,13395652
86975,12/28/2011,FC,2,3,1,5,0,1,5,5,14469425
33946,10/06/2006,FC,3,5,4,5,0,2,5,4,13336828
17838,03/26/2005,FC,1,4,1,5,0,3,5,7.5,12348583
72071,06/15/2010,IL,3,4,5,5,3,1,5,6,13746613
80265,11/13/2009,FC,3,4,9,5,3,1,5,5,15278691
91669,04/03/2010,FC,1,6,3,10,0,1,5,5,12679124
45669,02/07/2009,FC,1,5,2,5,3,1,4,6,12125754
5905,10/12/2013,IL,3,3,3,5,0,3,4,4,13247451
76666,06/01/2009,IL,1,6,3,10,0,5,5,4,11989792
13556,11/22/2007,FC,3,5,5,5,0,15,4,5,9873585
91551,04/14/2009,IL,2,4,4,4,0,1,10,5,13411595
11856,08/06/2009,FC,2,3,3,5,0,2,5,3,13567570
78890,03/05/2012,IL,2,5,3,5,0,1,4,5,14383505
28003,04/08/2010,FC,5,5,1,5,0,1,4,5,14503854
55613,06/15/2010,IL,5,4,2,5,0,1,8,6,15173911
248,04/13/2007,IL,3,4,6,5,3,5,8,4,12438466
1696,12/30/2011,IL,1,3,3,5,0,1,5,3,13104883
13052,11/25/2009,FC,1,4,9,10,0,4,4,1.5,12746577
71807,06/01/2012,FC,2,3,5,8,0,1,4,5,13983613
56917,11/17/1995,IL,5,3,12,4,0,1,10,5,15114274
88229,02/19/2010,IL,5,4,3,4,0,1,4,5,14846832
47354,06/04/1996,IL,5,4,5,8,0,4,5,7.5,13685618
38572,11/27/2008,FC,5,4,1,5,0,4,10,4,14026931
43741,03/19/2009,FC,3,5,4,10,0,1,5,5,13089230
54757,10/06/2010,IL,3,5,4,5,0,1,5,3,14012717
37756,03/31/2011,FC,1,3,3,5,0,3,8,4,12525836
89688,09/28/2010,FC,4,3,4,5,5,4,4,7.5,12871082
73877,09/20/2013,FC,3,5,2,5,0,1,4,3,13047207
20051,10/14/2013,FC,3,3,1,5,0,3,4,4.5,13342161
55115,09/21/2012,IL,1,4,5,10,0,2,10,2,13711153
58510,05/07/2010,IL,2,4,4,5,0,15,10,2,9548076
90766,11/29/2007,FC,1,3,4,5,0,10,5,4,11647877
11983,08/11/2007,IL,10,4,4,4,0,1,4,4,16146564
5506,03/19/2009,FC,15,6,2,5,0,1,4,5,16515217
42167,12/28/2010,IL,3,4,4,4,0,10,5,7.5,11405198
78684,02/16/2012,FC,1,5,4,10,3,4,10,5,12082771
93820,07/12/2013,IL,4,4,4,5,3,4,5,4,13258249
9806,05/18/2011,FC,3,3,4,5,0,5,4,4,12261436
5119,04/14/2010,FC,5,4,2,10,0,1,5,4.5,14202561
45178,06/09/2007,IL,1,6,2,5,0,5,8,4,12753971
13323,05/24/2007,IL,5,5,2,5,0,1,8,5,14167934
17504,02/26/1998,IL,1,6,12,8,0,2,4,6,14270614
88475,02/06/2007,FC,1,5,2,5,18,1,8,5,10646969
53655,12/18/2010,IL,1,4,6,8,3,1,5,2,12865110
28908,01/04/2014,IL,4,3,9,4,0,3,5,5,13919905
1374,08/20/2011,FC,3,7.5,6,10,0,5,5,4,14804252
10737,11/22/2012,IL,3,4,2,5,0,1,5,4,13258298
8081,12/29/2012,IL,3,4,4,8,0,1,8,5,14122242
43290,03/01/2008,FC,1,4,3,5,3,2,4,3,12765046
77179,10/18/2012,FC,4,5,4,5,3,1,5,7.5,13622654
12001,08/24/1996,FC,10,4,4,5,0,1,5,5,16142597
46985,09/08/2010,FC,20,4,2,4,0,3,4,3,18491905
87607,03/05/1996,IL,5,7.5,1,8,0,4,4,3,11158877
34483,11/25/2009,FC,4,4,4,5,0,1,5,5,14595696
27568,01/01/2000,FC,3,6,2,5,0,5,4,4.5,12160188
11672,04/13/2007,FC,3,5,4,4,0,5,8,4,12299868
19264,02/19/2010,FC,4,4,12,5,30,20,5,5,6063393
9905,07/22/2010,IL,20,4,2,4,0,5,5,5,19216903
28494,12/12/2011,FC,1,7.5,6,5,3,2,4,4,12106550
81219,04/04/2012,FC,3,6,3,10,3,1,5,6,12112576
91106,02/09/2000,DT,20,6,3,5,0,1,4,4,19396923
34608,07/17/2009,IL,3,4,3,10,4,3,4,5,12550096
60786,09/15/2006,FC,1,4,5,10,0,5,4,5,12104243
4930,12/04/1999,FC,5,4,6,5,4,15,10,7.5,10556905
17227,08/27/1999,FC,3,3,3,5,3,2,5,2,13092111
87281,01/07/2011,IL,3,4,4,5,0,1,5,6,13726709
7913,06/13/2006,FC,4,4,3,5,2,1,5,3,12841992
29944,06/01/2012,FC,2,4,5,5,0,4,4,5,15045260
6678,09/09/2013,IL,5,4,5,5,0,2,5,4,14258106
12742,09/21/2012,IL,25,4,12,5,0,25,4,3,15798754
7830,08/24/1996,FC,5,4,3,5,3,2,4,5,13953200
20097,06/29/1997,IL,4,4,2,5,0,2,5,5,13620683
7072,05/06/2013,IL,5,4,2,5,0,1,5,3,14727465
91344,09/26/2009,FC,3,4,5,8,0,1,4,2,13640778
10064,02/16/2010,FC,1,4,4,5,3,2,5,5,12344684
56196,08/11/2010,FC,20,4,3,5,0,1,4,5,19985995
2824,02/16/2012,FC,5,4,2,5,0,5,4,5,13097648
61126,03/27/2013,FC,2,7.5,1,4,0,1,5,5,12437600
99710,04/18/2006,IL,2,4,4,4,0,4,5,5,13006320
71838,03/19/2009,FC,2,4,1,5,0,5,8,1,11138292
48492,08/01/2000,IL,3,4,3,8,0,4,5,6,12818083
64348,07/07/2010,IL,4,4,3,5,0,3,4,5,13959929
55481,09/09/2010,FC,3,5,1,5,0,2,4,5,14266696
50178,07/17/2009,IL,20,4,3,5,0,1,5,7.5,19733167
80091,03/15/2011,IL,5,5,4,5,0,1,10,4,14323612
19150,10/21/2011,FC,3,6,4,5,0,2,8,4,12983853
56980,03/03/2012,IL,5,5,4,5,0,1,4,5,14289020
3002,04/12/1997,IL,1,5,3,5,0,5,4,7.5,12943368
132,03/07/2010,FC,1,5,4,5,0,1,5,1,12940231
47674,06/06/2003,FC,1,3,6,5,0,1,4,5,13919320
8673,02/09/2010,FC,3,5,4,5,0,5,4,6,13013363
1826,06/01/2009,FC,4,4,2,5,4,5,4,7.5,13413830
50944,05/01/1997,IL,2,4,2,5,0,1,4,7.5,13522727
91319,08/30/2013,FC,5,4,2,4,4,1,4,4,13685820
12042,12/04/2012,IL,4,5,2,10,4,3,4,7.5,13485376
67643,07/28/2000,FC,2,5,5,5,3,1,4,4.5,13499275
87717,11/19/2009,IL,25,3,4,4,0,1,5,4.5,21449736
38569,10/23/2004,FC,4,5,4,4,0,1,5,5,14389462
70805,10/10/2013,FC,5,5,12,5,5,1,5,4,14558800
88595,03/27/2013,FC,25,4,3,5,0,10,5,4,18716470
36296,03/07/2010,IL,1,5,4,5,18,5,5,7.5,9513495
56123,07/04/2008,FC,5,5,2,5,3,2,5,2,12831542
38223,03/31/2011,FC,3,4,4,8,0,5,4,7.5,12487054
27701,04/18/2008,FC,1,6,4,4,0,2,5,5,12491092
23461,12/29/2012,FC,3,4,2,5,5,1,5,6,10668263
85416,04/12/2013,IL,5,4,2,5,18,1,5,3,11636693
38959,02/16/2010,FC,5,4,2,5,0,1,5,5,14207730
77617,09/26/2009,FC,5,5,6,10,3,1,4,6,14102346
57454,03/05/1996,FC,3,4,3,5,0,1,5,2,13654140
65557,03/29/2013,IL,3,4,2,4,0,1,5,5,13514493
51838,09/21/2012,IL,2,4,9,5,0,3,4,2,13772312
49133,11/25/2009,IL,1,4,2,5,18,4,5,5,9545737
65664,08/27/1999,FC,1,4,4,5,0,25,5,5,6446900
11066,05/18/1998,IL,3,4,4,5,0,2,4,4.5,13537219
10195,08/01/2010,FC,1,5,5,5,4,1,4,4,12318225
47841,04/28/2012,FC,2,3,4,5,0,1,5,5,12860922
5646,04/22/2008,FC,3,4,12,8,0,20,8,5,8627999
22051,10/17/1995,IL,10,3,3,10,0,4,4,3,13205914
6374,09/26/2009,FC,2,5,4,5,0,2,4,5,12997718
38295,02/27/2013,IL,5,3,5,8,5,2,5,5,12862677
42188,09/09/2005,FC,20,4,2,5,0,3,5,4,18922340
61374,07/10/2013,IL,3,4,12,10,0,3,5,5,14031584
71063,06/01/2010,IL,20,4,6,4,3,10,4,4.5,17443838
11828,05/16/2008,FC,4,4,4,5,0,1,4,5,15503361
28613,12/16/2009,IL,4,5,2,5,4,5,4,5,12114063
79227,03/18/2011,IL,10,4,2,4,0,1,8,5,16006313
78512,09/01/2001,FC,4,7.5,4,5,0,4,5,5,13195192
74411,12/28/2010,IL,3,5,3,4,0,5,4,7.5,12390799
43070,09/26/2006,IL,3,4,3,5,0,2,5,3,12508334
50153,07/20/2007,FC,5,4,3,5,0,1,4,4,14330217
99935,11/27/2011,FC,1,4,3,5,0,5,5,7.5,12251591
85651,10/25/2013,FC,3,4,2,4,0,1,4,5,13519423
20352,04/14/2010,FC,1,3,1,5,5,4,4,5,10846579
71277,08/06/2009,IL,1,4,4,5,0,25,10,3,6417711
31304,10/10/2013,IL,5,5,1,5,5,3,4,5,12744636
8933,10/17/1995,IL,10,4,2,5,4,4,5,3,14216864
32071,05/06/2013,IL,1,3,3,4,4,3,5,6,13512199
71871,10/25/2013,FC,3,4,2,5,0,3,5,6,13415651
8651,08/06/2009,FC,25,4,2,5,0,2,5,5,20842816
8043,10/21/2011,IL,1,5,4,5,0,2,5,4,12487718
148,08/02/2011,FC,3,5,3,5,0,3,4,5,12950936
15443,07/14/2007,FC,5,6,4,5,2,5,4,4,12633258
54509,09/13/1999,IL,4,3,2,10,0,1,5,4,14214743
12705,05/24/2007,IL,5,4,3,5,0,2,5,4,14380490
57875,12/02/2008,FC,4,4,2,4,0,1,5,5,14822063
90914,09/23/2008,IL,3,5,5,5,0,5,5,3,12600111
73194,10/04/2000,FC,5,4,2,4,0,2,8,2,14351027
67984,09/20/2013,FC,15,4,2,5,3,10,4,5,12619341
38978,10/05/2010,IL,1,7.5,4,4,0,4,5,1,13273575
41228,01/04/2014,IL,3,5,6,5,0,10,4,5,11316481
14733,04/03/2010,FC,5,7.5,3,5,0,1,5,2,13170984
8392,03/09/1998,IL,3,3,6,4,4,2,8,5,13276235
85346,07/23/2011,FC,1,4,4,4,0,5,5,5,12647185
67613,05/16/2008,FC,3,4,4,4,0,1,5,5,14622263
94460,11/25/2008,IL,3,5,3,5,4,2,5,5,11978764
18575,06/17/2010,IL,25,4,3,10,0,1,5,5,21158483
29534,08/01/2010,FC,5,4,2,4,4,1,5,3,14082458
65397,01/04/2014,IL,1,5,9,5,0,5,4,4,13349975
46388,08/02/2011,FC,4,7.5,1,4,0,4,4,2,12511163
80639,08/01/2008,FC,4,5,4,5,0,3,5,3,14008395
51860,11/26/2009,IL,1,3,3,5,18,4,4,4,10174725
75031,11/17/2009,FC,25,7.5,3,5,0,2,4,5,20450774
48500,03/24/2008,IL,1,4,4,5,0,1,4,6,13292875
48414,02/01/2011,FC,1,4,5,5,0,1,4,7.5,13173710
36691,09/10/1998,DT,3,4,2,10,0,1,5,5,13547798
59797,12/02/2008,FC,4,4,3,5,3,1,4,5,13552926
35404,12/23/2012,FC,4,3,3,5,0,2,4,5,15605332
89908,08/01/2000,FC,10,4,4,4,3,1,5,3,15725501
29735,12/28/2011,FC,3,4,4,5,0,2,5,5,13439139
62915,07/31/2013,IL,5,4,4,5,0,3,5,4,13891508
76236,07/04/2011,FC,2,7.5,5,5,5,1,10,2,12843630
2221,03/30/2002,FC,4,6,4,4,0,1,4,2,13829762
57426,06/23/2009,FC,10,3,3,5,4,5,8,4,14370276
64955,12/03/2012,IL,1,6,5,4,0,1,4,5,13630995
82292,02/26/2010,FC,5,3,4,5,0,2,5,2,14274216
57097,05/12/2013,FC,5,3,2,5,3,4,10,5,13831283
29450,07/17/2009,IL,3,6,4,5,0,1,5,3,13120291
22437,08/24/1996,IL,3,4,6,5,3,1,4,3,14107563
60009,07/31/2013,IL,2,4,3,10,0,15,5,3,9972963
39094,10/15/2012,FC,5,4,4,4,3,4,10,6,13721686
72251,05/29/2013,FC,5,6,4,5,0,2,8,5,13564960
53699,12/17/2006,FC,1,5,4,10,24,1,8,3,9741677
88144,12/07/2004,IL,5,5,2,5,0,2,5,5,14335430
51975,06/05/1999,FC,2,4,3,5,0,25,4,3,6660925
9032,06/17/2010,IL,5,5,2,5,0,3,8,5,12642900
95294,07/15/2011,FC,1,3,4,4,0,4,5,5,13585046
21577,08/08/2013,IL,15,4,4,5,0,2,5,4,17610915
61071,09/06/1997,IL,4,6,9,5,0,1,4,7.5,13804604
32308,12/28/2011,FC,5,6,4,5,0,4,4,3,13305931
80682,01/17/2012,FC,4,4,4,4,3,1,5,4,12982117
88092,07/17/2009,IL,5,4,5,5,4,2,4,4,14129399
82036,05/02/2013,IL,2,3,4,10,4,15,5,4.5,9119149
47156,10/28/2012,FC,5,4,3,4,0,1,5,4.5,14404853
36311,03/05/1996,FC,5,4,4,5,3,1,4,7.5,14117579
22731,10/04/2013,FC,4,4,1,5,4,1,10,5,13882529
51998,07/20/2007,FC,3,2,2,4,0,1,4,5,14320150
13071,06/06/2013,FC,2,4,2,5,0,3,10,3,12377413
76052,03/18/2007,IL,25,3,6,5,0,5,4,1,20546295
82755,06/09/2007,FC,5,4,9,5,3,2,4,5,14254825
32128,08/08/2013,FC,5,4,4,5,4,1,8,2,14280407
66571,06/01/2012,FC,2,4,2,4,0,1,8,5,13236575
3729,02/19/2010,FC,5,4,3,5,0,5,4,5,13245234
36956,12/18/2010,FC,20,4,2,10,3,3,5,2,18756314
93826,03/05/1996,IL,2,6,4,4,0,3,5,5,12548035
55393,06/14/2013,FC,25,5,5,4,0,3,5,4,20762033
18740,03/07/2011,IL,3,4,3,4,0,3,8,4.5,13099114
12552,06/06/2003,FC,4,5,9,5,0,2,10,4,13318028
15181,01/22/2013,FC,5,4,5,5,0,2,5,5,15476582
49973,12/18/2010,IL,5,3,1,4,0,1,4,3,16022169
33038,04/09/2011,FC,5,3,2,5,4,4,5,5,13026555
50747,01/17/2012,IL,2,4,3,5,3,5,5,5,12288143
2912,06/29/1997,IL,5,4,3,4,0,5,5,5,12965676
51072,06/13/2009,FC,4,3,4,4,4,2,5,5,13422754
51157,09/09/2010,FC,2,4,4,5,0,1,5,4,13287805
22198,10/10/2011,IL,20,4,2,10,0,5,5,2,16117915
38195,09/26/2003,DT,20,4,4,5,0,4,4,5,19128426
52725,08/05/2011,FC,25,3,4,5,4,15,5,4,16582189
23132,03/01/2008,FC,5,4,9,10,0,1,5,3,16503779
73839,01/03/2013,FC,5,4,3,5,0,1,4,5,13988544
40815,03/29/2013,FC,3,4,6,5,3,1,5,5,12827771
28656,11/29/2008,FC,5,4,12,5,0,1,4,5,14808705
58226,04/04/2008,IL,5,5,4,5,3,5,4,5,12771769
67849,01/27/2005,FC,1,6,2,5,5,2,5,3,11629136
15580,11/02/2000,FC,3,7.5,3,5,0,3,5,3,16445753
87421,06/01/2012,IL,5,4,4,5,0,2,5,4,13279600
25769,03/16/2006,IL,1,4,4,5,0,3,5,4,13725434
65049,04/19/2013,FC,3,4,3,4,0,1,5,2,13662697
3455,12/21/2012,FC,4,5,2,5,0,1,5,1.5,13774899
37339,02/06/2007,FC,3,7.5,4,5,0,3,4,2,13105877
53266,05/03/2009,IL,20,4,3,5,0,1,5,4,19810165
41107,06/27/2007,FC,4,4,4,5,0,3,4,5,13052061
52702,05/04/2012,IL,5,4,6,5,24,1,4,5,9196284
62954,04/01/2000,FC,3,4,4,5,3,5,4,5,13479955
51025,10/21/2011,FC,1,7.5,1,5,0,3,5,3,12808084
57165,11/05/2008,IL,5,4,3,5,0,1,4,3,14618514
73734,10/21/2011,FC,5,3,2,4,0,1,5,3,15607796
89744,03/31/2011,FC,2,6,2,4,0,5,5,4,12310796
75221,11/29/2007,FC,5,4,4,5,0,2,4,5,14661697
58153,03/02/1998,FC,2,4,2,5,0,1,4,5,13203734
94115,08/08/2013,IL,2,4,4,5,0,1,4,2,13407054
45947,02/09/2010,IL,3,4,1,4,0,1,4,3,13430728
86516,05/24/2007,IL,2,3,4,10,5,5,5,5,11979967
32507,01/16/1999,IL,2,4,4,8,3,1,5,7.5,13015496
95149,12/18/2010,IL,2,3,5,5,0,5,10,6,12112451
71162,05/03/2009,FC,1,6,4,5,3,1,5,2,12698895
32,12/21/2012,FC,2,6,2,10,0,1,5,2,12232217
10989,07/15/2013,IL,3,5,4,5,0,3,5,5,13484019
21705,08/01/2010,FC,5,7.5,4,5,0,1,8,2,14470982
8921,02/16/2010,FC,4,5,3,5,3,5,4,3,11915657
29140,03/16/2006,FC,5,4,4,5,0,2,5,3,14140621
79685,09/28/2010,IL,25,5,4,5,3,1,8,4,19903836
60056,05/30/2006,FC,4,6,2,5,4,1,4,4,13057812
31790,05/01/2009,IL,1,4,6,4,0,20,5,1,9816992
6534,11/01/2007,IL,3,4,4,8,5,5,4,5,12373764
20084,10/17/2008,IL,4,4,4,5,0,3,10,2,13532488
42653,12/02/2008,IL,1,4,4,4,3,1,5,3,12978409
6721,10/04/2012,FC,3,4,2,5,0,1,5,4,14171098
51664,04/01/2000,FC,5,6,5,5,0,1,5,4,14437179
59999,08/24/1996,IL,5,5,3,5,0,1,5,4,14944873
25091,05/16/2008,FC,20,7.5,2,10,0,1,4,4,18395335
94556,04/17/2009,FC,15,6,3,5,3,4,5,6,15760915
91612,02/16/2010,FC,1,4,3,5,0,5,4,3,11841527
99175,04/09/2011,FC,5,3,2,5,2,1,5,3,14625686
64956,01/17/2012,IL,3,4,3,5,0,15,4,5,9808142
99404,08/11/2007,FC,5,4,2,5,0,1,4,5,15672918
98753,10/14/2013,FC,4,7.5,4,5,4,2,4,4,12071754
68043,06/06/2007,FC,1,4,4,10,0,2,10,5,12795669
64640,02/15/2010,IL,3,4,3,5,0,4,5,3,12818610
72008,06/07/2013,IL,20,4,3,4,0,3,4,4,18578312
76563,11/27/2011,FC,3,6,5,5,0,20,4,5,9363516
27951,04/26/2013,FC,4,4,3,5,3,3,10,5,15272338
84318,12/02/2008,FC,5,7.5,2,5,0,1,5,5,14156035
22432,03/09/1998,IL,25,4,2,5,0,2,5,2,21328216
3156,11/05/2009,IL,20,7.5,4,5,3,3,10,5,18377055
72081,12/02/2008,FC,4,4,5,5,0,1,4,5,14892607
61305,03/31/2011,FC,5,4,3,4,3,2,4,5,13627108
9850,11/17/2009,FC,5,4,2,5,0,25,4,5,7986236
12902,09/28/2010,FC,1,4,2,5,0,3,5,4,12444890
83208,08/20/2011,FC,5,4,4,5,4,1,10,5,13863423
63744,10/10/2013,FC,5,4,12,5,0,3,5,5,14545503
48879,04/22/2008,FC,5,6,4,5,0,5,8,4,13569095
40839,03/18/2007,FC,2,4,3,5,4,15,4,4,8365758
54452,11/08/2013,IL,3,4,12,5,4,5,5,4,13481591
19301,12/12/2011,FC,5,3,2,5,0,5,5,5,13253604
82460,12/04/1999,FC,3,6,3,5,3,1,4,7.5,13496569
84060,11/05/2011,FC,5,3,6,5,0,2,5,5,16058619
95035,11/26/2010,IL,3,4,3,10,0,5,5,5,13394278
37972,06/08/2000,IL,1,4,3,5,0,3,5,7.5,12785134
12107,07/10/2013,IL,5,4,4,5,0,20,10,5,9689604
46152,09/26/2006,IL,3,4,2,10,0,2,5,4.5,13259921
54889,01/22/2011,IL,2,6,4,5,0,3,5,3,13630197
49441,07/04/2009,IL,5,4,5,5,4,5,4,4,12875570
59415,12/23/2005,IL,4,5,3,4,0,25,10,2,8335971
48175,04/17/2009,FC,1,4,2,5,4,1,5,3,12290082
91504,02/26/2011,IL,2,4,9,5,0,1,4,4,13922601
33256,10/04/2000,FC,3,4,4,4,2,4,5,3,12660960
8656,07/14/2007,FC,4,4,3,10,3,1,5,4,13236339
16584,06/06/2007,IL,5,4,1,4,0,4,5,7.5,13260972
75276,11/05/2008,IL,1,3,1,5,0,3,5,7.5,11649164
87795,08/06/2009,IL,5,4,2,10,0,5,5,3,13114166
54746,07/14/2007,FC,5,4,2,10,0,5,5,5,10978895
62705,02/06/2007,FC,2,4,4,5,18,1,5,5,11539926
9838,07/10/2013,FC,3,4,4,4,4,5,4,5,11234676
7193,09/15/2006,FC,10,7.5,4,4,0,3,4,5,15111083
60261,04/12/2013,IL,2,2,4,5,5,4,5,4,11474834
6058,11/16/2012,FC,5,3,3,5,0,10,5,5,12725190
91898,06/09/2007,FC,2,5,1,5,0,1,4,4.5,12945958
98676,06/27/2007,IL,4,4,2,4,0,5,5,5,13421307
34950,10/26/2009,IL,5,7.5,12,5,0,4,5,7.5,13957050
73227,12/02/2007,FC,3,4,4,5,0,3,5,5,13609327
86502,10/15/2012,FC,5,4,2,5,0,4,5,2,14818608
82041,03/24/2008,FC,3,4,9,10,0,1,5,7.5,14257072
30052,12/08/2012,IL,2,4,9,5,0,3,4,5,14050542
66032,12/12/2011,IL,4,4,2,5,0,5,5,2,13581736
58067,06/28/2012,FC,5,5,2,4,0,2,5,7.5,13730044
86101,03/06/2009,IL,5,4,4,4,0,1,10,5,15988302
86911,07/12/2013,IL,25,4.5,12,4,3,5,5,5,20882136
73828,07/10/2013,FC,5,4,1,4,0,1,4,3,14727086
84644,07/04/2011,IL,3,4,2,5,3,1,4,5,13489381
31998,08/02/2010,IL,5,4,5,5,0,3,4,7.5,14326710
8856,06/13/2006,FC,3,4,4,5,3,25,8,5,7134142
6939,08/30/2013,FC,5,4,2,5,0,2,5,5,13960470
54152,06/01/2012,IL,1,5,4,5,4,20,4,7.5,7153630
48045,01/05/2000,IL,4,4,4,4,0,1,4,5,14165224
35091,09/19/2009,IL,5,3,2,8,0,1,5,7.5,13781298
29034,10/12/2013,IL,3,3,2,5,0,1,8,7.5,13474945
54647,07/18/2011,FC,1,3,4,5,0,5,4,6,11678155
43645,11/27/2011,IL,2,4,4,4,3,25,8,5,7255083
59272,08/27/1999,IL,5,5,3,5,0,1,5,2,13680369
92532,05/18/1998,IL,2,4,3,4,0,2,4,5,13560994
1709,10/23/1999,DT,5,5,3,5,0,3,5,5,13629443
91960,07/14/2000,IL,5,7.5,5,10,0,5,5,7.5,14112276
80827,07/20/2007,FC,2,6,4,5,5,5,4,2,11506573
72652,05/12/2013,FC,1,4,2,5,4,2,5,5,12333536
41080,06/09/2007,FC,5,4.5,6,5,0,1,10,5,15819634
60998,05/01/2013,FC,1,4,5,10,0,1,5,2,12512450
73207,10/23/2004,FC,25,4,4,4,0,5,5,7.5,21029504
85543,12/28/2011,IL,3,4,3,5,0,1,4,5,13622887
11048,03/24/2008,FC,3,4,6,5,4,3,4,5,12721976
70319,10/10/2011,FC,4,6,4,4,0,25,5,3,7179556
31450,05/18/1998,IL,2,5,3,5,0,2,5,4,14647924
2800,01/23/2009,FC,15,6,1,5,0,10,5,7.5,15109784
52183,05/01/2013,FC,25,4,4,5,0,4,5,6,20857956
7262,06/01/2012,FC,2,6,4,8,0,1,5,5,13636528
87857,05/12/2013,IL,2,4,12,5,2,1,5,3,13469100
7703,09/10/1998,DT,1,7.5,2,5,0,1,5,3,12903965
50000,03/24/2008,FC,2,3,2,5,0,1,5,2,13687788
62929,11/26/2009,FC,3,4,3,5,4,1,4,5,13403897
19273,03/07/2010,IL,3,5,5,4,0,1,5,5,13716619
61358,04/22/2008,FC,4,4,3,5,4,5,5,5,12106191
7263,08/20/2004,IL,25,5,6,5,0,4,4,2,20561348
96573,12/07/2004,DT,10,4,2,4,4,1,10,5,15381373
85008,02/07/2007,IL,3,5,1,4,0,2,5,5,13021980
90175,12/03/2013,FC,5,6,3,5,5,1,5,3,13217866
18573,05/06/2013,IL,3,4,2,10,0,5,4,5,16256269
32909,01/16/2009,IL,4,4,9,4,5,1,4,5,14380633
79756,08/19/2006,FC,1,4,3,5,0,1,5,3,12955493
28991,11/13/2009,FC,15,3,4,4,3,1,5,5,17800363
52274,08/01/2010,IL,5,4,4,5,18,5,4,5,12406731
60859,09/06/1996,IL,1,3,1,10,0,4,4,5,10770069
89421,12/17/2013,IL,3,5,3,5,0,2,5,4,13632279
58875,06/30/2001,FC,5,5,1,10,3,1,5,4,13567638
55917,03/14/2012,FC,1,4,3,4,0,1,4,3,13265775
94597,11/05/2009,FC,4,4,12,5,0,3,10,3,15108455
44735,04/21/2007,FC,4,4,2,5,3,1,4,5,12784823
53900,04/14/2010,FC,5,4,4,5,0,1,5,5,14435682
50882,11/21/1999,FC,5,6,4,5,0,3,5,5,13036738
81748,03/16/2006,FC,2,4,3,4,0,4,4,4,11774713
25664,05/06/2013,IL,4,4,4,4,3,4,4,5,13545103
45547,07/17/2009,IL,4,5,4,5,4,25,10,5,6810827
76003,11/01/2007,FC,2,3,12,4,3,2,5,7.5,13276863
